1101,-5.1634,-6.3684,0.3683,-0.84568,-1.6653,-0.46949,2.3743,0.18528,2.7292,2.0963,-1.6851,-5.1358,-2.5275,1.0221,1.2171,-0.35203,0.80221,-1.3643,0.03473,-2.0972,1.2293,-2.4772,0.73717,-3.85,-0.98455,0.19924,-1.4518,-0.7527,2.7955,-0.91939,0.46456,-3.1085,-0.28817,-2.0555,0.45519,-1.2143,-1.0791,-3.1257,-0.34908,0.67243,1.0611,-3.501,1.3548,1.6529,0.040739,-0.74021,-0.96492,-2.1748,2.063,-1.7055,-2.8138,-2.8896,-1.4523,-0.97388,-0.61995,-1.6014,-4.0411,-2.7458,1.0965,0.046802,0.53032,0.53933,-1.9666,2.5117,-1.7207,0.1305,1.0281,-0.11858,0.87779,-1.8907,0.82815,-1.0895,-1.1498,2.0726,0.9403,1.8657,-2.6033,-0.91695,3.3118,-0.58768,-0.86742,0.2066,1.145,-1.0827,2.009,0.68093,2.5049,-0.71179,-1.1116,0.25693,2.7525,0.61906,-2.1175,-0.34684,-0.23406,-0.6286,-1.1377,-2.442,-2.2025,-0.26021,0.47692,-0.87927,-0.24805,1
1102,13.246,4.7463,4.3578,8.8534,-1.1733,4.668,-1.5615,1.7711,-1.6536,0.52698,-0.025877,-0.34634,-0.11824,2.9019,3.1111,2.2619,4.2628,0.24239,3.2174,0.48873,-0.48414,1.315,-1.1893,-3.619,-0.23481,-0.6462,0.43428,-4.5344,-3.0086,-0.83873,-2.0201,-0.10652,2.4904,-3.7172,-0.86302,2.0854,-0.66439,1.0692,-3.9144,-2.0164,-2.4288,1.5711,-1.2247,-1.8193,1.4515,-1.7804,0.46456,3.5709,-0.88508,0.78089,-0.62699,-1.2605,-1.8911,2.2625,-1.3133,-0.25538,-2.1125,-1.795,-0.12901,2.1664,-2.0646,-1.5887,-3.5048,0.86955,0.11012,1.3237,-1.9191,0.20794,1.2295,1.4784,-2.4691,-1.3286,-1.0951,-1.5414,0.59372,1.0706,-0.64216,0.85206,-0.57266,-1.6608,-0.36923,0.79146,0.10564,-1.3672,-2.4204,-0.42971,3.428,0.18558,0.044104,-1.2955,-1.2593,1.0605,2.5011,-0.33013,-0.69257,0.25471,-0.77297,1.0036,-1.2052,-0.95222,2.4731,-1.303,0.35909,1
1103,-6.3121,-6.4788,0.054254,2.0844,2.2484,-2.777,1.895,5.6701,-0.15209,3.9597,1.7674,0.53147,-0.12266,-0.21003,-2.3669,-2.3539,1.062,-3.7257,-4.5021,-0.45051,3.433,-7.1492,-2.2332,-0.21282,-0.52872,0.70736,0.8301,-4.5485,-3.2774,1.3302,-2.1636,1.8726,0.9169,-3.276,-0.73843,-0.15233,0.060997,1.3244,-0.27186,1.4741,0.60864,-0.61975,-0.089709,-1.1659,1.7562,-0.8413,0.79964,0.66546,0.48399,2.0483,1.1592,1.5978,3.1966,0.11907,2.0507,1.9067,0.67561,-0.30004,-1.8737,-1.3794,0.36042,-1.3815,1.5088,2.118,-0.12818,0.52078,1.1353,1.8304,2.0016,-0.84902,-1.127,1.4158,1.7144,-0.69679,-0.99355,-1.8573,-0.66851,0.84783,-0.41621,-1.2783,2.35,1.5481,-0.47824,2.4019,2.2886,-0.41484,0.055649,-0.43181,2.7892,-3.5603,1.6935,-2.6018,0.49752,2.5553,-1.0292,1.4835,0.25907,-1.0231,1.3606,-1.8079,-0.70477,-0.15654,-1.2879,1
1104,16.829,10.074,-8.9575,10.186,6.3351,1.3515,2.6741,-2.6569,-5.159,-7.0795,-5.8507,0.071921,-3.6594,-2.2561,2.956,2.5014,-0.082832,6.883,-2.6922,2.5808,0.19249,-3.499,-2.8107,0.78928,-0.03535,5.1309,-4.6123,-3.9083,7.0883,2.0415,-0.76474,2.4022,0.46902,2.8109,0.60822,-0.4161,2.7264,-2.4096,-0.76767,0.64071,0.3956,2.8117,1.4637,-0.59037,-0.43297,1.5283,0.91567,2.599,0.021201,0.79772,-1.6563,-0.89679,-0.30639,-0.9987,-0.24887,-0.80108,2.6097,-1.0991,-1.2655,-1.7816,1.014,-0.010081,-0.45715,0.62878,0.31798,0.96228,-0.40852,1.4494,-1.0166,-1.6854,0.1241,-1.3337,0.61934,0.071812,0.54575,-0.69828,-1.564,0.25709,-0.42418,0.26348,-0.049523,0.2132,-1.5796,0.93288,0.93785,1.9765,0.65974,-0.11028,-1.1104,-1.3415,0.22624,0.36896,-0.81882,0.87443,-0.65678,-0.18353,0.46422,-0.062168,-0.88834,1.3591,-0.54048,0.38065,-0.30203,1
1105,0.45202,16.433,0.90515,-3.0133,0.1585,1.0934,-1.4632,2.0675,2.2298,6.7819,-1.4867,-1.303,-2.6388,2.0593,-0.9839,3.56,-0.36596,-0.68232,-1.6781,0.7154,2.0466,0.49387,-2.9928,0.58994,1.1006,1.2901,2.0674,-0.45991,-5.3177,-1.1796,0.9,-1.83,-2.9916,0.49969,-0.15234,-0.43442,0.10746,-1.5874,-2.4479,-0.1172,-0.79696,-1.7341,2.5986,1.6828,-1.8429,4.3207,-1.1175,2.9948,-3.2638,-0.356,-2.371,0.4955,0.68421,2.0576,-3.2115,-3.1452,0.86169,-1.5642,-2.3827,-0.61242,-0.35411,3.0939,-1.4203,1.8911,2.8748,-2.3294,-1.6175,0.13968,-1.2829,-0.076875,-1.8025,1.3717,1.3149,-0.77051,3.0481,-0.099186,-0.44944,1.7484,-1.3373,1.6923,-1.5914,1.9507,-0.031514,-0.18948,1.4627,0.13064,1.1955,-0.76277,1.1543,1.508,0.69353,0.64046,-0.15857,1.3103,-0.24133,-0.58292,1.4291,-1.3523,1.3837,1.9543,-1.3274,0.12542,0.0045498,1
1106,-11.08,-4.2833,0.81782,1.1519,-5.0279,-0.80117,-2.3355,-8.0573,0.7473,-2.3633,-2.6832,-0.76781,2.4515,-2.0649,-2.8668,-2.9757,-4.139,1.0041,0.089504,2.6767,0.86463,-1.4064,-2.67,-1.3543,-0.0246,-1.7372,-1.1525,-0.69498,-2.7929,-0.79693,1.239,1.049,1.5664,1.9472,0.36951,-1.4641,-3.3872,-0.3396,-1.582,-0.93052,3.6365,0.69315,-2.2964,1.0264,1.2801,-0.80008,-1.1689,1.9745,0.26966,0.66253,1.6456,-1.5653,-2.0499,1.1667,-0.46751,-0.17416,-1.7621,-0.34033,-1.7797,2.5731,-2.4152,3.128,-1.1867,-0.2803,0.90487,0.4169,-0.21268,-1.9021,-0.43635,-2.3991,-0.29577,-3.7602,-0.42332,-0.92325,0.26057,-1.2372,0.71144,-2.7965,-0.5784,-0.67428,0.29571,0.47122,-3.6133,-0.35038,-1.0122,0.33632,-1.6477,-0.47648,-0.95158,-0.73007,-0.92613,-0.46581,1.8834,0.16749,-1.9239,-1.1313,-0.027466,-2.5706,3.4292,1.2497,1.8366,-1.6753,1.449,1
1107,6.6302,12.547,-3.1628,0.96575,-3.9228,-5.055,3.8833,-1.0772,1.8485,0.96324,2.6966,0.39972,1.9357,5.4663,2.0903,2.1602,2.5537,0.14827,-0.25891,-0.18748,-4.3637,0.1808,-3.1025,-0.69557,-1.4773,0.82683,-0.55437,-3.4117,-0.83391,3.0511,2.1748,-3.9498,-3.1983,-2.6345,1.2765,1.6194,0.32524,2.0141,2.2142,-1.4546,-0.25049,1.873,0.17984,1.0461,0.3278,-0.65777,1.0009,-0.64204,-0.21522,1.5197,-1.7852,0.94406,-1.6628,4.1649,0.5583,-0.90196,-0.37176,-0.10467,2.0027,-0.20938,-1.8484,-0.6703,3.7498,0.72854,-0.50019,0.80852,0.17909,-1.7415,-1.2918,-0.87178,4.7686,-3.5453,-2.6065,0.18542,-1.3832,-0.85941,2.0083,-0.1239,1.5134,1.996,1.7017,-0.64418,-0.67077,2.9928,1.2981,-2.0689,0.044531,0.86571,-0.43446,1.4122,-0.63055,1.2106,0.36095,-0.78236,0.2343,2.0638,1.0266,-2.3076,-0.91034,1.1134,-0.95818,2.3322,-0.39367,1
1108,11.715,-9.0275,4.0851,1.3017,3.4828,-4.1058,2.2385,-1.0542,-0.67356,-1.3553,0.66768,-3.4832,-1.6169,-2.0938,3.667,-2.3624,0.10165,1.3172,-2.0923,-2.5344,2.7779,2.3243,-0.35652,1.5895,0.29512,1.0084,5.3259,-1.4285,1.4695,1.3066,-0.392,-1.0113,1.0849,3.0775,-1.0835,0.88333,-1.133,4.5901,-2.9238,-0.53927,-0.4303,-2.7798,-0.47085,-0.93389,-0.84567,-0.19494,-0.77366,-1.7824,-0.11201,1.3703,1.3226,1.6827,-1.7354,-2.2233,-0.13245,-0.80001,-2.964,-0.80215,0.12571,0.17449,-1.334,1.9602,1.4148,0.3505,0.0045616,2.4543,0.99317,-0.36245,-0.37386,1.9453,-0.59185,0.29436,1.0087,-2.2225,-2.6383,-2.0692,0.55776,0.48556,-0.27287,0.048235,1.0987,1.1569,0.57985,-1.4942,-2.5342,-0.59166,0.72524,-1.2376,0.24561,0.23621,0.0066566,0.39265,0.14796,2.0666,-1.4514,-1.8518,1.7789,-2.1099,-0.21067,0.42074,-1.496,4.7147,-0.56204,1
1109,-11.782,-3.9839,-1.8738,2.325,-0.051911,-0.70015,3.6226,-0.53396,0.72127,1.896,-5.6589,-3.3568,-2.8938,-0.99236,2.2647,1.3787,1.0416,3.7476,-0.55899,1.7256,-1.1214,0.67328,0.055584,-1.8688,-0.020695,-1.624,0.014869,3.4419,-2.5626,-3.9448,0.50001,-0.29498,0.54611,-1.2703,-1.3352,3.1535,0.63667,-2.1641,2.1697,1.3576,-0.89867,-1.2751,0.12195,2.8055,2.1077,2.6956,0.33333,1.4085,0.80514,1.4051,2.4281,0.95683,3.5176,-2.4477,1.5525,-1.7821,-1.7467,-0.21057,-2.7585,-0.9177,-0.99931,-1.4119,1.9574,-5.7755,2.5599,-1.3789,2.1666,-2.38,2.2489,-0.072113,0.014533,-3.2855,-1.8348,-0.82287,-0.37331,0.082948,0.54445,0.96513,1.2346,-0.48998,3.0406,-0.02162,0.36451,0.17252,-0.10798,-0.57055,-1.5295,0.29333,1.8343,-0.28169,1.195,-0.26494,-1.1015,-0.32967,-1.0948,0.7926,0.74787,1.3663,-0.85036,3.5815,1.3893,-1.7552,-1.2517,1
1110,21.569,-8.1601,0.35287,-3.408,-4.6289,-0.61404,-2.8621,-3.2464,-0.77963,2.5469,-2.4606,1.7004,1.453,2.7852,-1.3665,-3.0945,-0.69074,0.32853,4.2185,-1.6705,-2.1931,-0.70279,0.70113,2.3046,0.62555,3.1306,1.0165,-1.1055,-0.91095,-0.40784,1.6693,-0.39245,0.96489,1.7195,-1.7581,0.25721,1.2225,-2.307,2.3373,-0.19028,1.7687,1.3466,-0.47369,-2.047,4.0344,1.5316,0.51645,-1.8854,-0.28164,0.89241,1.8817,0.60164,-0.6305,1.6955,1.26,-0.52775,-1.5474,-0.77674,-1.1494,1.6121,2.1854,0.32815,1.3506,-0.87545,1.199,2.6979,-0.69182,0.36399,-2.3364,-0.14047,-1.1759,1.5882,-1.2995,1.2524,1.4712,1.0913,-0.63869,3.1896,0.48887,1.6573,0.21866,-1.6346,-0.22866,-0.34878,1.4732,2.2373,0.099242,-2.5883,-1.5077,-0.037515,-0.40704,0.092822,-0.10769,1.0575,1.3212,-0.44133,0.045762,-1.695,0.9253,1.5206,-0.68561,-0.44507,-5.4297,1
1111,6.7113,11.909,4.3689,-4.2218,0.95264,0.24055,-3.6873,-3.4839,-0.026118,5.0628,2.254,0.51415,-0.8221,1.1124,3.1403,1.4634,-0.65252,3.2669,-4.0364,0.073243,1.4819,0.47984,4.9288,-0.82261,0.99559,3.4001,-0.38,1.6504,2.1914,-1.892,-2.9083,-0.79067,1.22,1.0424,2.152,-0.33281,3.0338,-0.54918,1.3324,-0.83883,-0.11389,1.2185,-0.50306,0.27965,2.7034,-1.4898,-4.4977,-1.8765,-2.1396,0.2405,0.67436,-2.3418,-2.1574,1.1296,1.2128,2.4299,-3.8734,0.3272,-3.3254,-2.1347,2.8177,2.4192,-1.3757,2.0128,-2.1937,-0.14625,-0.97284,-2.1074,-0.43118,-0.45044,0.078304,-1.8704,-0.20573,-2.0395,0.78505,-0.45597,2.7685,-0.31526,0.69489,-0.83012,1.5046,0.27944,3.6265,1.2268,-1.6953,0.28126,-1.5274,-1.5151,1.6446,-0.47035,-0.66339,-1.7911,0.79789,1.984,-0.22086,1.3713,0.83479,0.86179,-0.99786,-0.20413,-0.21368,-0.89002,1.2844,1
1112,-1.1842,-4.1259,1.9357,-2.0308,6.5515,-3.4927,2.4714,3.1401,-2.8408,1.5792,-1.6911,-3.7098,0.78661,-1.5263,0.6445,-0.33674,-0.073639,-2.8311,0.58164,-2.3668,0.18942,-1.7905,-3.6495,0.42369,1.5822,-0.37739,1.6799,2.4424,1.0503,-0.24046,1.7338,-1.8468,-0.062792,1.8044,0.22625,-1.2726,1.3623,1.8777,0.30413,-0.36478,-0.073443,0.040642,-2.7252,-0.68614,1.4443,-2.0842,-1.2722,0.73427,-2.2105,-2.0574,-0.055053,-0.81491,-4.1121,1.7094,2.8722,1.2648,0.50466,0.91842,0.20004,0.22973,2.355,-1.5042,-1.8741,1.7085,1.3667,-1.8281,0.82208,1.9368,0.16838,-2.7869,1.065,0.73419,-0.7167,-1.1575,-0.83557,1.9051,0.2465,0.26528,-1.2776,1.7321,2.1967,0.74957,-0.76891,0.014147,2.1715,-0.023195,-0.44685,-0.61481,0.90295,-1.4091,-0.90544,2.6947,2.2061,-1.2543,-1.2066,-0.52932,0.67772,0.86648,-1.8784,1.6283,1.1993,-1.0874,-3.3779,1
1113,-9.4031,4.2059,3.7045,-9.612,5.3754,-4.428,-3.9133,2.9065,-3.7668,-1.9478,-0.11143,-3.1438,6.353,3.9747,2.2229,-5.2924,-1.5035,-1.8662,2.5573,4.3865,4.3259,4.657,2.046,-3.3392,-4.3988,3.1966,-0.047919,-3.7991,0.70083,-0.43748,1.1084,1.7741,3.466,-0.34499,3.7836,1.931,-1.3629,2.4058,0.0029222,-1.8327,0.64078,-0.041332,2.4528,-0.53795,3.4576,1.5645,2.793,3.3386,-0.63218,-0.26682,-3.297,-0.2113,0.0067148,-2.6048,1.1881,-1.5065,1.8209,0.29457,-0.074889,2.5009,0.52915,-1.4855,0.22985,-1.4839,-0.61379,-1.5223,-0.26083,-0.76203,1.2473,0.95627,2.0378,0.087299,1.1396,1.7459,0.97056,-1.8467,-0.26333,0.10651,-0.1423,0.69169,0.53841,1.1566,0.95064,-0.68579,2.5835,-0.99055,-0.34185,-0.9693,-2.556,1.0038,-0.64945,0.0082912,0.17637,1.917,-1.1416,-0.75034,-0.72047,0.22187,-0.40607,0.8728,0.36822,-0.74994,0.044621,1
1114,1.8027,4.6095,-5.6369,-0.35613,2.0016,0.51099,3.2542,-1.7292,-0.48152,-0.13099,4.0315,2.465,1.6285,4.4482,-2.1683,3.3827,-1.2432,-0.74497,-3.0199,0.82814,-4.82,3.7912,0.72554,0.54186,-1.2528,0.34737,2.8434,1.1661,-0.56149,-2.1202,2.2456,4.8329,0.10302,0.6228,1.3034,-2.159,0.77871,0.80803,0.47259,2.9105,-2.149,-2.7207,0.20354,0.60831,1.5692,0.70011,1.1248,-0.35308,-3.1547,1.8536,-1.3229,-0.19043,-1.5969,-1.9563,-1.0842,-1.0041,-2.5814,0.37591,0.90564,-1.2935,2.2178,-0.20338,-2.1105,2.2514,0.923,0.026151,3.8174,2.5395,0.73354,-2.8241,-1.9297,-1.8286,-2.2804,0.0094415,-3.1194,0.87818,0.25703,0.28747,-0.74596,0.47634,-2.8838,-0.53937,-0.8522,-0.98551,2.5219,-2.0551,-1.8987,0.58303,-2.6192,-2.2613,-1.0232,-1.3306,0.54395,0.73972,0.47574,1.7049,-0.73346,0.18296,1.6176,-1.7988,2.216,1.177,0.86492,1
1115,6.1485,2.8009,5.7022,1.9574,2.2446,3.3823,-2.1646,0.8233,2.7592,-1.0094,-2.7462,-0.92603,0.12889,-5.2336,-3.3939,1.775,-0.1242,-2.9791,2.7875,-0.017858,-0.94198,2.0619,-1.0622,-1.7947,-2.1578,-2.5774,-1.0778,-0.76611,0.066161,0.47186,2.3075,-1.1083,-0.21091,1.2801,0.76434,-0.98537,0.13359,-0.34956,-0.29192,-0.9761,-2.9981,-1.466,0.38135,-0.21636,-0.024424,-0.53199,-2.6586,1.4215,-0.54888,-0.6881,0.77565,3.8385,-1.1161,-3.3034,1.871,-3.7176,-0.55769,-1.7902,-0.80162,1.4364,0.74786,-0.43823,0.15414,-1.9271,-1.3985,1.2316,-2.324,1.7194,1.1556,-0.17458,0.2502,-0.49724,-1.3138,1.7172,-1.4181,2.4601,1.3963,1.3774,-0.89096,-1.0503,-0.93783,1.1913,0.92481,1.9018,1.7276,1.656,-1.883,2.0876,0.25344,-1.2205,2.0353,-1.7542,-0.42686,-0.90348,-1.5717,2.7329,1.9945,1.185,1.0985,-0.32055,-1.1591,0.50714,-0.87629,1
1116,-6.9571,-3.6338,0.048312,1.1656,-3.3111,0.039834,0.78499,-0.53531,-0.52525,3.4773,2.3289,-3.1775,0.6154,0.81763,1.3795,-0.054178,0.027634,2.5042,0.43005,-1.2083,-0.18324,-1.4105,1.0365,3.1949,2.8148,0.33813,1.2577,-0.86902,2.1254,0.97948,-0.72016,1.5063,-2.4288,1.9547,-2.6941,0.84817,1.1625,1.7839,2.7396,-1.2916,-1.9917,-0.81157,-2.5142,2.3508,1.9456,3.3808,1.4318,3.3497,1.5779,2.9118,1.3872,1.5792,0.72988,0.29439,-1.3221,-0.57109,0.7713,-0.47173,-1.2488,0.33551,-0.20215,-2.1805,-2.4871,-0.88998,-3.2212,0.26239,2.3058,1.6265,-0.64388,2.9555,0.28536,-0.39767,-0.43849,1.9359,-0.99468,2.0221,-0.79241,-0.10673,-0.37521,2.3305,-1.2532,2.892,-1.2042,-2.0466,-1.3498,2.7209,0.38108,1.3627,-1.2112,-0.49216,0.28409,-1.4263,2.8017,-0.97138,-0.17977,-0.0020956,2.7668,-4.3561,-0.95925,-1.1507,-0.29641,-1.6911,1.212,1
1117,14.78,0.85001,-10.027,-5.6669,6.6025,0.24989,3.4651,1.2707,2.7082,-2.4294,-1.3947,4.5738,-4.8796,-2.0823,-0.91029,-2.9992,-4.1483,-0.96922,-0.30385,-3.2407,-1.5396,-3.0921,0.76338,2.8352,-3.0636,4.0295,-0.38451,0.81722,-1.0332,-3.6268,-0.53749,0.084047,-1.1611,-3.7412,1.4016,0.15273,-1.8639,1.1888,0.66447,-1.2261,-0.8901,0.31306,1.1665,-4.1485,-1.3786,0.19411,-2.9994,-1.1364,-1.4775,0.11529,2.0372,-0.18712,-1.3983,1.4882,0.11402,-2.5382,-1.0181,-0.6732,3.0841,0.51724,0.80763,-0.85552,-0.72698,-1.4593,1.1612,0.87941,1.4187,0.079346,-1.4192,3.9498,0.68694,-2.2117,0.38543,1.2372,0.32367,0.0072216,-1.913,1.3754,-2.6403,1.9427,1.6742,1.8909,-0.12454,-0.94925,-2.4775,-0.95697,0.62487,0.98986,-0.97024,0.82578,0.44082,-1.3443,0.60488,0.92715,-0.97089,0.94799,-0.75248,1.9768,1.0699,2.0111,2.8935,-0.52849,0.58143,1
1118,12.211,-6.6399,2.5503,0.72564,3.3682,-0.48275,-3.9059,0.71875,2.8606,2.997,-1.6575,1.771,-0.93459,0.87329,-2.6188,-2.5487,2.2483,-2.1592,1.6062,-1.4589,0.73295,-1.5028,0.63002,3.3868,1.3326,-1.3085,1.6247,-0.37711,2.071,-3.1407,-0.96722,-1.7053,2.9119,-0.096991,1.5781,-0.36682,2.3015,1.869,0.47348,-4.2453,-0.48044,2.7191,-1.0798,2.3355,-3.1152,3.0686,1.413,2.0587,-3.9298,-0.36921,0.42937,-1.3549,1.9422,-0.095829,-0.0058993,0.44144,0.88861,1.8064,-1.7908,0.60242,0.75743,-0.53611,-0.86066,-0.53925,0.73143,-0.60896,0.79834,-1.6807,-0.99762,1.6445,0.19572,0.022498,-3.1106,-0.7734,-2.7947,-1.8921,-0.23949,-1.3496,0.5907,0.72664,-0.19106,-0.74927,-0.86657,3.9353,-0.81223,-0.7606,1.7446,-2.2146,-0.078651,-3.1959,-0.52581,0.66881,-1.3846,-2.6487,1.0309,-2.064,-2.1004,-0.29447,-0.74417,0.87015,1.0175,0.5329,1.7608,1
1119,14.116,0.96942,0.89368,4.7002,-0.40799,-4.0288,8.8441,-0.51858,-0.98306,2.0135,-0.55919,0.54254,-2.7652,1.8495,-3.8211,-0.95876,0.90182,-0.10062,1.8516,5.3401,1.3726,-0.33816,2.515,4.1962,3.602,2.0498,-2.7843,-0.8938,-4.7197,-0.40543,0.4328,-4.1114,-0.20724,-0.9487,-0.45804,3.1595,-1.737,5.8679,0.41944,6.3927,2.8233,0.83375,-1.4834,-1.7001,2.3515,-0.027161,-0.72294,0.34022,1.2136,-1.6677,-0.76033,-0.75627,0.068469,-0.70693,1.8401,-0.46464,0.4992,2.3509,-0.29965,-0.11552,-0.74721,-0.49045,0.24286,0.9324,-0.44704,-0.78081,-1.3379,1.1495,1.0905,0.28217,-0.7437,-1.4806,-2.0088,-0.40238,0.70153,1.4272,-0.062133,-0.77634,-0.23117,-0.80531,-0.8494,0.71335,2.0252,-1.5578,-0.39729,1.1739,0.47987,-1.4937,-2.8866,-1.1389,0.33923,0.66852,-2.6844,-0.72736,1.9697,-0.41459,1.2923,2.5924,1.3041,-0.17469,-1.8655,0.18281,2.4205,1
1120,-11.614,-0.15654,0.43109,-3.7675,3.6259,1.9945,1.0217,1.2894,-1.0671,-1.7185,-2.8635,-0.88944,2.9407,0.71582,-3.488,4.4624,1.2167,1.2214,2.0684,2.6466,-2.5427,-0.22978,-2.8788,3.0775,0.50605,0.1888,1.9015,-1.1087,2.5688,0.56804,0.51785,-0.15816,-1.1823,-4.8785,-2.4555,2.6975,-2.8827,1.8108,-0.30313,-3.3997,0.1155,0.40884,-0.16606,1.3591,-0.082273,-2.0005,-1.8192,-0.13654,1.4941,-0.68452,2.8595,4.3652,1.204,-0.023478,-4.8619,-1.2417,0.32303,-1.6968,-2.0354,0.1949,3.5323,0.51026,2.1642,4.2908,-1.4089,2.3278,1.103,-1.0824,-0.30663,0.54085,0.82838,-3.1902,1.0869,-1.3851,2.78,-1.945,0.61554,-0.75072,-0.72596,-1.3941,0.17885,-2.0095,1.5386,-1.7413,1.0127,0.53006,-2.6956,-2.1344,0.39623,0.24207,0.91862,0.51504,-0.44416,-1.0885,-0.5987,-1.3754,-0.41778,0.59922,-0.82018,-1.0755,0.69015,-1.067,-0.022748,1
1121,17.02,-8.148,0.52256,-5.3275,-2.0268,2.994,-3.5528,-1.968,-3.9947,0.50425,-0.12737,0.71844,2.2764,1.0331,-0.46933,1.5845,-1.1903,0.53256,-0.52246,0.33537,-1.9329,-0.49656,-0.054728,1.9308,2.1619,-1.5361,-0.27031,-0.053611,-3.0293,0.15292,0.30014,1.268,-2.281,1.4542,-0.097497,2.1123,2.1151,2.9848,-0.17241,-0.17151,-2.0419,4.079,1.9346,-1.4562,-3.5421,-2.6021,0.49846,2.4659,3.0451,-1.398,-0.49644,-1.1594,0.5055,-0.6344,0.58616,0.40847,-1.6938,-2.0277,0.94845,-2.4072,-0.7247,2.376,-0.73145,0.78042,-0.75484,-1.7092,0.087618,-0.28807,2.1534,-1.6101,1.9334,-0.21103,1.449,-0.14865,0.25382,-3.0282,-1.0571,-1.0868,0.38777,-1.0957,0.88261,0.79505,-3.5954,-0.93338,1.1193,-1.2303,1.0462,-1.996,0.090563,0.10637,-0.56252,-1.4794,-1.2576,-0.56604,-0.029986,1.0594,3.3514,1.9038,1.7515,-0.972,1.5511,-0.84675,-3.5008,1
1122,-7.1653,-5.2928,2.0318,-0.57126,-5.6626,3.4612,-0.64867,-1.1879,1.7366,-0.45202,1.8671,-5.5256,1.5799,-3.606,4.2195,2.0842,0.49809,0.549,-5.7221,-2.866,1.2222,-0.76221,-1.195,1.4576,-5.5959,2.5724,2.9909,-5.2125,-0.50912,-0.13898,-1.1327,2.7243,0.11017,-0.4895,-0.19803,1.8763,-1.0562,-2.5747,0.77092,0.63935,3.9699,2.963,0.62806,3.1324,-3.3475,3.5689,-3.9838,-3.0133,-0.0086109,-1.2611,0.57548,1.7027,-0.10409,0.49259,1.4195,0.30045,-0.027203,0.66626,0.69676,3.0647,-0.38736,-3.2628,-1.1223,0.14024,-2.547,-2.9203,-1.8158,0.34104,-0.85195,1.4995,-0.093794,-0.90227,-1.6619,0.50883,-1.4334,-0.14531,0.41943,-2.1198,-1.6662,0.18734,-1.2868,0.10819,0.43889,-0.95184,1.2919,-0.48173,0.14888,0.15146,-0.023295,-1.3682,-1.6222,2.3581,-1.3379,0.075514,2.6011,0.49323,1.595,3.2017,1.5029,0.31501,0.29407,-0.2366,-1.0571,1
1123,8.0235,-8.4468,3.2566,-0.6761,-0.88001,-1.2856,-0.64394,0.55911,0.45099,-0.429,-0.54245,-1.027,-1.2085,-0.12165,1.2352,-0.16563,0.1577,0.31729,1.5737,-1.484,3.3078,1.1357,0.21234,0.41466,-1.3324,-1.0325,-1.7359,0.56176,-0.05686,2.4488,0.85069,-0.30706,0.87674,0.74135,1.4819,-0.56825,0.97404,0.94848,-1.1535,-0.59323,0.92003,-1.8689,2.6717,-2.603,-1.5436,-1.0758,1.2978,-0.3808,-1.5148,-1.0104,0.073758,0.11077,0.63057,1.7361,-3.2972,-0.62853,-1.5776,0.58913,-2.8631,-1.9098,-2.0807,-1.296,-1.2701,0.1705,-0.16647,-0.65117,3.6178,-2.1968,-0.48638,0.78782,-0.24149,0.66734,-0.071344,-0.63612,0.51129,-0.69505,0.50718,0.78129,0.35329,2.9856,-0.94761,-0.50061,-0.52359,-0.71004,0.87622,1.3827,-3.9204,0.56747,0.9472,0.12233,-0.12381,2.8777,-0.43351,0.39596,-1.8255,1.6414,1.5411,1.6697,0.30517,-0.34181,0.51038,2.4117,1.0545,1
1124,8.3659,-1.3104,5.6497,0.40657,1.9058,-1.0342,1.4569,-1.3602,-1.312,1.9427,-2.5475,-1.7359,-1.5189,0.78145,2.1661,1.2419,-2.2374,-1.0532,-0.42748,-4.149,-2.2997,2.2172,2.4264,1.6263,1.5223,1.2409,0.64137,0.14812,2.7694,-1.2511,-0.8113,-0.06857,-1.2365,-3.8185,1.5939,-0.0031373,-2.4293,-2.5451,0.99122,2.5985,2.1098,0.88085,-0.89527,1.0274,-4.0959,-0.92047,-0.68126,1.4087,2.5529,1.4553,-1.2725,-0.095335,1.3114,-0.12093,0.41186,1.6701,2.2422,2.0341,0.12412,0.13585,-0.29231,1.6175,0.37184,-1.7266,2.6692,0.32394,2.0714,0.86985,2.8833,-1.4987,0.15829,0.61862,0.42764,-0.90366,-0.29327,1.2353,1.1882,-0.088154,0.84442,0.17316,0.99179,1.4337,1.0578,-1.8218,0.70063,-1.8095,1.1833,0.57985,-1.1882,-0.22063,-0.83219,3.1849,3.8346,0.48822,-0.69358,-1.1643,0.0029707,-1.1928,1.5561,-2.4159,0.05619,-2.1577,-1.2799,1
1125,15.966,-10.2,7.499,-2.0463,11,-1.632,5.3914,4.7066,0.48268,0.59385,1.1338,0.35699,1.1728,1.5534,-1.4549,0.88004,0.33606,4.7156,-4.3153,-0.41373,3.8381,-0.0015433,-0.73127,-0.17193,0.28975,-1.1506,1.0216,4.1113,-1.5507,1.5379,1.7127,-1.5872,-0.1545,1.6638,-0.68433,-1.2979,0.7142,-2.6326,-0.13823,-2.7847,-0.12379,1.8707,-0.43437,0.31758,-0.503,2.2679,-0.78579,1.5733,-0.2807,-3.7204,-2.2279,-0.034017,-1.2476,2.5052,3.2319,2.5681,0.92274,-2.1107,-0.89349,0.26329,-0.11765,-0.44904,3.3287,-2.1197,-0.67718,0.95817,-0.96285,0.14757,-0.84863,0.26315,-0.69779,-2.2011,0.63067,-1.1381,0.74569,1.6745,-1.5351,-0.015561,1.4441,-1.3819,-2.3575,-0.67676,-1.8418,-0.89005,0.15584,-0.93493,-1.6213,3.0074,-1.3667,2.4466,-2.5471,-0.5581,-0.87134,0.011297,-1.5056,-1.0031,0.77333,-0.11189,1.6871,-2.0982,-0.36905,-0.29621,1.6127,1
1126,-13.199,-1.1508,3.0273,1.9627,-3.1711,3.2318,-0.9004,-3.7653,5.269,2.4865,0.23574,2.1068,-5.7709,-1.5611,-3.1498,2.3557,-4.4537,1.1388,0.22169,-1.075,0.59882,0.26431,-2.5914,-1.8264,-0.80629,-2.704,-0.7266,-0.32429,0.31595,1.2733,1.5136,2.7235,2.5468,-1.3274,2.2941,1.116,0.033,1.6537,3.8074,-0.6108,-2.6921,-0.10823,-0.91669,-1.2758,-1.6856,0.49287,0.54622,0.92709,-0.17397,1.7322,-2.2976,0.38146,-1.5853,-0.19911,1.9085,-0.80911,1.2274,2.6402,1.1857,0.68802,0.37049,0.7104,1.5716,1.228,-0.89138,0.52428,-0.86669,-1.7666,-2.3687,0.553,-1.1613,-1.2416,2.1445,-2.0931,-0.34461,2.4675,-0.063765,0.26978,2.2019,1.1096,-0.35797,-0.25917,-0.5097,0.85021,3.8983,3.1499,0.15304,-2.915,0.35513,0.29286,0.52244,-0.80814,2.5254,1.639,1.3564,-4.2789,-1.2463,3.0304,0.63619,-0.53498,-0.048969,1.0038,0.032373,1
1127,6.2808,0.89041,-1.9824,-0.90453,-3.0563,0.20485,-1.4073,2.2384,-0.036352,-2.8311,-0.1111,2.2367,-2.1236,-2.8326,0.12408,1.6973,-4.2426,0.07857,-0.97648,-0.32054,3.2843,0.073623,1.4816,-2.7375,-1.1662,-0.31069,-1.162,-2.4397,-1.4838,1.7217,1.0859,-2.2657,-0.96728,-1.5391,-2.3859,-3.6402,0.32267,-1.3579,2.0508,0.0031852,-1.6619,-0.18608,-1.1334,0.81688,0.1894,-1.2873,1.6905,0.7058,-1.5632,-0.44606,1.4306,-0.92145,-1.1722,-0.47062,-1.1184,-0.71743,-1.017,1.6716,-3.2852,3.2764,-0.29717,-0.72508,0.75559,0.20881,-0.98893,-1.7591,3.6173,-0.91344,0.58868,-3.6421,-1.5928,-1.309,-1.4291,0.59909,-1.9093,0.097934,-0.86514,-0.70193,0.14866,-2.0757,0.3769,1.9703,-1.0646,-3.5424,-2.5597,-0.80242,-0.17506,-1.7534,-0.61334,0.096721,-0.29754,1.2621,-1.3977,1.5685,-0.59608,0.92004,-2.4208,0.80534,-1.4544,-0.025942,-2.5607,2.4617,-1.9023,1
1128,-9.0538,-5.5325,1.5853,2.6497,-0.22886,0.015938,0.9825,1.5758,3.1059,0.11692,2.9204,-1.8146,-1.6437,-1.5712,2.6133,2.3825,-2.4623,3.8955,-1.7982,-2.28,-0.053667,-1.2236,1.6411,2.1575,-3.1061,-0.68422,-0.42393,-0.10515,0.67214,-0.31763,-1.6371,0.45561,-3.6394,4.0997,2.0491,2.6996,-2.3374,0.095114,1.7848,-1.6275,-4.178,-2.4665,-1.6695,-0.3492,0.83254,-1.8105,4.716,1.3337,1.1872,0.56807,-0.1021,3.1617,-2.8443,-1.4439,3.406,0.34499,1.8057,2.231,-0.51114,2.3059,0.25362,1.56,-1.0198,4.0077,2.9442,1.9952,0.29628,-0.84724,1.328,0.27126,2.9233,2.0986,0.18289,0.94171,2.9307,-0.072636,-0.46325,-0.074589,-0.23583,-1.0686,0.72548,0.24558,-0.30385,0.018101,-0.54731,-1.411,0.5526,-1.7162,1.1136,-0.13921,-1.7176,0.17858,-3.043,-0.93929,0.00074868,2.4003,-2.0412,-0.094673,1.1401,1.8859,0.060934,-1.7982,2.7381,1
1129,4.6323,0.17702,5.9607,-3.084,-1.2889,-1.6509,-3.2867,-0.83765,-5.7792,4.0035,0.58661,-3.4337,-5.6632,-1.8264,0.040034,1.3481,0.98014,-0.21478,0.11307,4.2269,-2.5329,3.0029,-2.6206,-1.1868,-0.70587,2.2168,1.1718,1.9188,2.6764,-1.6166,1.8665,-1.3863,-0.32238,-1.2867,1.845,-0.21237,1.8683,-0.88507,-1.6321,-3.6087,0.24628,1.201,-0.87902,-1.9305,2.507,-1.5145,-1.1173,-1.6016,1.595,-0.90743,-2.4837,-0.51798,-2.114,0.032097,1.8799,-0.25526,-0.75314,0.51812,1.354,-0.37816,-0.51875,-2.1584,0.12529,0.36141,1.5107,-1.252,1.7203,0.039468,0.21373,2.9974,0.41774,-0.3939,-0.059307,2.2678,-1.2998,0.31929,-1.8502,-0.64604,0.33613,-0.43799,-0.5642,1.9714,-1.4918,-0.44134,-1.0665,1.2562,-0.52297,-0.75684,2.8519,-0.24403,1.9595,-2.9818,-1.1044,0.074182,1.4919,-0.47342,1.1086,0.27715,0.032217,-2.445,-0.9975,-2.0872,0.76178,1
1130,-9.9173,4.8779,4.8158,-2.3777,2.6245,-1.6429,-2.1835,-3.7188,-12.613,3.0275,6.7256,5.1141,2.6989,-5.9298,4.0519,-2.1898,3.7122,3.5236,2.2422,-0.7616,2.3559,-3.5593,-0.6772,2.2611,-2.1872,-1.4021,-2.0548,4.0214,-3.2297,-1.535,3.1038,2.3961,-2.8488,-5.1562,3.7758,-1.3702,0.33179,-3.3482,-3.0073,2.1832,0.47576,-1.5057,-2.5604,2.1818,-0.38046,-0.13104,0.53048,1.8137,-0.025417,0.09988,1.0771,0.022165,1.0608,0.24863,-0.66802,-1.86,0.54195,0.40741,-0.47281,1.5838,1.1957,-0.63909,1.5892,0.85089,-0.6577,3.3928,-0.61896,-1.5828,-1.8568,-0.67871,0.3678,1.1904,-1.8468,0.061542,-0.060668,0.37342,0.11428,-0.1388,-0.15472,0.092986,-0.28957,0.61201,-0.16614,-0.67461,-0.15852,0.66017,0.88398,-0.078985,-0.65759,-0.4656,-0.68222,-0.35137,-0.11594,-0.037035,1.1864,0.15452,0.38041,0.75653,-0.20511,0.41707,-1.115,1.4998,-0.29846,1
1131,-0.019369,-3.7551,2.105,1.3415,0.2816,-0.25028,-0.17575,-4.8161,-2.4136,-2.3293,-0.51518,-1.0915,-0.39347,4.4809,0.77037,-1.9246,1.3203,-1.6621,2.1413,-1.115,-2.0525,1.0784,1.5341,-1.2488,0.64154,0.39549,0.394,-3.5378,3.6373,0.93117,1.9462,-0.86477,2.1901,-0.017377,2.1757,1.5449,-1.368,-2.191,0.92218,2.1133,-1.0107,-1.7395,1.0777,-1.45,-1.8959,-1.2566,-0.089128,0.73741,-0.59683,-0.77601,-0.21125,0.026669,0.48759,0.39852,-0.86965,0.99046,-0.49714,0.25369,-2.6471,0.0047293,1.3955,-2.4638,1.1768,-0.1236,0.89744,-1.3503,0.3063,1.0626,-0.14003,0.73337,0.83655,3.5248,-4.5434,-3.734,2.3671,0.49641,-0.73605,2.4117,-0.60895,-1.9067,-0.95903,-1.2724,-1.7377,-1.6335,-0.57959,1.689,-0.79915,0.60679,3.6482,0.25501,1.258,-0.23497,0.70629,-1.1708,0.84032,1.1433,0.76341,-0.003906,4.3863,1.1851,0.83109,1.8811,2.5307,1
1132,0.59692,3.6072,1.7217,0.76553,1.171,-0.29187,2.3807,-2.2568,-0.37315,0.17878,-1.9853,-1.4145,1.6255,0.66983,-1.4756,1.9538,0.015483,2.7597,2.6809,-2.7796,-1.2901,0.23842,2.7461,2.0668,-0.83137,-0.15911,-0.68721,-4.0168,0.38281,0.54305,-1.2401,-1.1521,-0.15902,1.8291,1.3951,-1.3994,0.28604,0.58398,-2.0849,-2.2634,-1.2855,0.94093,-2.9333,-0.85167,3.9566,0.54763,-0.83274,0.41316,1.1092,-1.2756,2.4109,-0.12393,2.2818,-0.74637,1.4601,0.92223,-2.4557,-0.94001,-1.6042,0.40982,2.3233,0.89561,1.1066,-0.8185,1.051,0.87194,-1.4402,-1.2695,0.76789,-2.1022,-1.4649,3.3993,2.0033,2.5945,1.7519,2.2296,0.57434,-3.1728,2.0284,2.7048,-0.039897,-0.12979,-0.27013,1.629,-0.81715,-1.5193,1.2396,1.7628,-1.39,-0.32315,2.8297,2.4945,-0.084214,0.44753,-0.32692,0.11911,-1.2484,2.899,1.3423,-1.7917,1.179,1.9719,-0.34665,1
1133,-1.9303,3.7337,-1.08,2.718,-0.038335,-3.5108,-1.2292,-0.95078,2.6801,3.1957,-0.24692,1.1378,0.42748,-2.3426,0.31914,0.767,3.9561,0.023606,0.093081,1.7351,-0.38816,0.5008,-1.383,1.9241,-0.77552,2.7235,-1.2781,1.2217,-0.13557,0.49242,0.94005,-1.4039,-0.03274,0.94771,2.1598,-0.72608,1.5078,1.4654,2.1433,1.031,1.29,0.56093,-2.7937,0.34541,-0.56563,1.6353,1.6832,0.83122,0.6004,-1.9171,-1.3261,3.3797,0.72968,-1.588,1.9959,-3.3054,-2.3011,-1.4701,0.4913,-1.4505,-0.56106,-0.27675,-4.0162,-2.3492,0.15343,-0.17675,-0.2062,-3.6169,1.4945,-0.65014,-1.73,1.8451,1.4445,-0.81755,-0.28288,0.47336,-0.22319,-2.1804,-2.934,-1.2397,-0.24786,-2.4039,-0.80198,1.4389,-0.015025,-1.4463,-1.0678,-0.45262,-0.57895,0.90324,0.047289,-0.94235,0.20057,-0.44925,1.3976,-0.46715,-0.73091,-2.4666,-0.75738,-1.2992,2.8098,1.8269,-0.30115,1
1134,-3.5716,-6.5023,3.4969,2.0263,0.49781,-1.4616,-6.3381,-4.7143,-0.20605,-1.3054,-0.52113,-0.39111,1.956,-0.87343,-1.4933,2.9234,-1.2456,0.36379,5.0378,-1.3851,2.6821,3.6501,-1.7965,3.3684,-3.5375,-1.209,-0.75346,0.060971,2.0056,1.0536,-2.1154,-2.7393,-4.0486,-1.9691,0.26233,-1.7556,-0.88565,-0.68593,-1.3754,-1.4587,2.4208,-3.3241,1.2625,-0.92671,0.0739,1.1902,1.0049,1.208,-1.9656,1.946,-0.21253,-1.8082,1.616,2.2241,3.1659,1.6701,-0.07304,0.045473,3.6227,-5.1453,-0.72843,-0.46263,-0.54931,0.4229,1.5927,0.47561,0.13827,2.2437,0.77743,0.79112,-0.18227,-3.0237,0.56147,0.83001,-1.1299,-1.0743,1.692,-1.1759,1.973,-0.4189,-1.1267,-2.6399,0.71356,-0.51794,-0.2309,-0.33659,0.67175,0.29347,-0.54842,-4.2967,1.4414,-0.091287,-0.40468,1.2116,-1.0977,0.34762,1.1879,0.10249,1.5775,2.1778,-1.9762,-0.69527,0.77299,1
1135,10.085,10.894,2.0422,5.9961,-0.85773,-2.7061,3.6565,-0.43273,-2.1987,-2.2339,1.6707,0.98298,-0.641,-0.19886,-1.714,-2.4371,0.47008,-4.8955,-4.6339,0.054973,1.4306,-1.5283,-1.0236,3.0041,-6.0416,-0.97601,-1.0004,0.88327,1.2505,3.6162,2.8877,0.2089,0.089402,1.159,-0.046059,0.70419,1.9973,0.67367,-1.9621,2.948,-1.9135,-2.5139,0.97814,2.0054,0.52104,0.48635,0.53885,-0.11249,-0.078274,-1.2492,-2.8449,-0.29829,2.5308,1.4506,-0.38884,1.1804,-3.9253,2.037,1.6422,2.8491,0.51318,2.0998,1.1416,0.96255,1.0595,0.62911,1.4495,-1.3044,0.90264,3.6283,-3.2477,0.069608,0.69753,-0.21849,-0.077902,-1.1547,-1.9572,-1.1264,0.9174,-1.2746,1.7066,-2.8937,-0.057376,-0.4209,0.048974,1.5978,-1.1033,0.39899,0.33863,0.030734,0.31259,0.38388,1.3512,-1.347,-0.43788,-1.3383,0.00026283,0.056321,-1.8701,1.2247,0.7073,-3.2678,-0.8632,1
1137,0.53414,-1.6411,4.7866,-0.45328,2.162,5.8383,5.1095,0.12386,1.7888,4.0288,-2.9803,9.8735,3.1597,0.8007,2.2519,1.1259,-0.36507,4.514,-4.377,2.4928,3.9097,1.3832,-2.4904,-1.1624,0.61334,-4.2474,-1.5409,-3.018,1.784,-5.1921,-0.40108,2.6836,-0.27578,1.1668,-0.36293,-2.4524,-1.1434,3.2874,0.34373,-0.38802,3.8232,-0.32021,5.9739,-1.3148,1.4962,-0.12431,2.5831,0.42284,2.0301,0.14795,0.19639,1.7419,-0.49736,0.56017,-0.3019,1.1809,-1.8897,0.71259,2.905,0.33882,-0.023953,-0.71977,0.13361,0.69722,0.98167,0.23854,0.22682,-1.2299,-1.1702,-1.805,-0.23154,2.6146,-2.6173,1.7859,-1.5688,-0.58321,1.837,0.13964,-0.1736,1.4193,-0.94948,1.9,2.6164,0.23535,-1.6226,0.84458,-0.51144,0.34778,1.2924,0.78629,1.2058,0.46,0.59256,-2.5545,0.053969,-0.75996,0.78258,-0.11704,-0.036993,0.25016,0.06728,-1.5114,-0.81302,1
1138,8.3865,-4.6232,3.9052,1.4765,-0.5837,-1.7913,-0.23776,1.2635,-1.0107,0.46258,-2.7668,4.9453,-0.88495,3.8182,1.1759,-0.94092,-3.4188,-0.64578,3.1961,0.38278,0.35775,1.5184,-0.65781,1.1458,-2.4787,-2.799,-0.05377,-2.6143,0.97693,-0.12467,2.4955,-0.4616,-3.8095,-0.50749,0.34672,-1.502,-0.73984,-2.5591,-0.24108,0.058995,-3.3545,2.7977,-0.72331,0.96776,0.011558,-2.0908,-2.7155,-4.7492,-2.2649,0.97606,-3.0417,3.8894,1.483,-0.64232,-0.808,3.4122,0.59325,0.026428,1.2269,1.1175,-0.4115,2.1823,-0.84118,-2.6596,-2.2226,-0.35434,1.2006,-0.42414,1.2421,-1.8136,-0.82209,1.263,-0.93796,-1.5033,4.7006,-1.4926,0.51261,0.71401,-1.5528,0.048749,-0.20676,2.2068,-0.42775,1.3049,-0.80206,-0.17114,0.50508,2.8154,-0.35287,-2.8528,-0.91056,-2.1022,-1.4634,0.8134,1.7002,-1.3725,0.50987,-0.8582,-2.3853,1.2075,0.71031,-0.65737,0.22947,1
1140,-12.916,-3.2777,0.71967,1.7099,7.5359,2.8004,-1.0922,-3.5096,-3.9674,-1.3054,1.8336,-3.2188,-0.15911,0.25472,1.2121,-1.3796,2.3976,0.51224,-0.73113,-1.1,-3.5433,1.2924,1.1864,-1.453,0.42921,0.51188,-0.28209,1.6197,-1.0567,2.6707,-0.91882,0.93133,1.7061,1.1975,-0.2853,1.4538,0.53212,2.6144,-0.22552,0.59124,1.0007,3.3427,-0.24892,1.1861,-3.8228,1.9616,2.0249,-0.41825,0.17867,3.7822,-4.0265,0.27244,-1.241,1.9224,-2.3924,-1.0724,-1.9023,0.61395,1.1922,-1.852,-0.43702,0.80289,1.1294,-3.168,-1.7959,1.8222,0.33959,0.51119,-0.68944,-1.8376,-0.14658,0.96799,0.37389,0.19265,0.39341,2.9845,1.3512,1.9398,-0.26863,-2.5438,0.22487,2.25,2.5898,-0.84722,-0.36166,-2.9828,-0.06658,-1.9946,1.4144,-1.217,1.0429,-2.3279,-1.7403,-1.3851,-1.1902,-1.8087,-2.3483,0.83238,0.46874,1.5425,-0.76668,0.30874,-1.2025,1
1141,-8.2932,-4.1003,-1.3414,0.098652,-1.9978,3.8451,1.334,-1.186,0.49335,1.6364,-0.79535,-2.0392,0.060015,-0.28009,-3.993,-2.5449,-1.505,3.3672,2.2939,3.7581,0.55521,-1.2869,1.0527,-1.4554,0.12458,2.5326,0.052557,0.019451,-1.1974,-0.14825,-1.2538,-0.3359,1.1052,-1.0595,-2.5917,-0.19138,-2.2501,-0.3958,-2.5406,-0.062836,2.1073,-2.6628,1.8554,2.0608,-2.7045,1.649,-1.2174,1.5197,-0.09097,-1.3513,-2.4493,1.1109,-4.0702,-2.3874,1.3266,-1.3802,-2.1637,-0.32238,0.62748,-1.2391,0.23276,2.4503,0.58221,0.17231,0.030851,4.7472,-0.84475,1.9903,1.9132,0.85215,1.6043,2.255,-0.21496,-0.40583,0.27575,0.080533,-2.6325,-0.6106,0.10845,2.3676,0.62561,-1.5366,1.0668,1.8623,-0.96438,-0.90548,-1.1947,1.9468,2.6321,-2.3225,-3.3622,1.0543,1.7784,-0.40075,1.6156,1.1541,0.53267,0.75132,-2.3115,-0.52975,0.61095,1.8065,-1.1134,1
1143,-0.13678,-6.6517,2.8898,5.7603,6.6333,-0.8317,1.3613,1.5041,-0.24147,-0.52661,-2.477,-0.15266,-0.059583,2.5862,1.6206,-3.5694,-0.42299,0.54772,1.2867,0.30918,0.63541,3.8521,-2.0007,1.0542,0.9218,0.47687,0.079615,-0.05203,-3.7682,-0.91025,-1.3427,0.50585,1.9317,1.2895,0.57322,-1.0479,-1.8975,0.23053,0.91704,-0.16189,-0.54302,-1.0184,-4.179,2.0379,-2.2683,-1.0364,-0.90441,-1.8424,0.7112,1.4206,-1.0234,-1.0465,0.90178,1.2654,-1.9874,-0.60966,-0.30893,2.2183,1.598,0.62629,-1.1309,1.8822,-1.4065,-0.29217,-1.9791,-1.2336,-1.0835,1.8547,-4.3757,-0.61144,0.04037,-0.57242,3.2575,2.5531,0.7739,-0.79481,0.98646,-1.4242,-1.133,1.9617,0.19715,-2.4978,0.15921,-2.2378,0.46469,2.7844,-1.3218,0.53038,0.73742,-1.2489,0.87383,-0.85821,-2.3208,-1.7054,-1.1936,3.2937,-1.6383,0.52501,-1.105,-0.79059,0.46247,-0.58664,-1.3142,1
1144,-3.4097,-4.9116,4.0483,-1.5297,-2.1405,-4.2601,5.4994,-2.8803,-2.1086,-4.1763,3.2491,-2.899,-1.2407,-1.8842,-7.6214,3.4016,0.57916,0.68683,-2.1448,-2.9009,2.3141,1.0132,0.10575,-3.6033,1.8791,-2.6126,-2.3141,-0.089509,-0.57943,0.92666,-1.1465,-3.0657,-0.27215,0.21942,4.748,-1.0026,-1.0759,-0.52835,-1.52,-1.467,2.3408,3.3307,0.9235,0.86445,-0.76925,-0.62911,-2.027,0.39838,-0.90035,4.3453,1.3847,1.5855,-1.1927,-3.2215,-0.75999,-0.012184,1.4921,-0.48091,3.0872,1.7831,1.0189,0.23958,-1.8812,0.59993,0.62161,-0.64639,-2.3972,0.35314,0.44448,0.2092,-1.7798,1.9842,-1.7349,-3.5907,-1.1717,-0.27987,-0.53939,2.5765,-0.81843,1.4439,2.4272,-1.1893,0.3111,0.089806,-0.19623,-0.27805,0.092974,-1.2523,-3.1786,2.0728,0.97677,-1.7016,-1.0364,-0.44539,-0.37072,1.4032,1.2826,-1.5649,-1.5274,0.37691,0.33601,-1.1193,0.049802,1
1146,10.922,11.117,3.1303,9.8983,-1.1876,-7.0679,-0.55314,-2.346,-1.172,-2.579,1.0755,0.83149,2.0119,0.95384,-3.1665,-1.6078,2.1916,-1.4601,-0.35081,1.4874,6.228,-2.5727,-0.23437,0.29166,3.6202,2.3263,5.5793,5.4552,4.218,-1.9951,3.9664,1.7579,0.64421,0.3329,0.014038,1.8906,-3.2776,-0.43687,0.6458,-1.6401,-0.88537,1.5017,4.1116,0.3149,-0.47855,0.11774,-0.23304,-2.261,-0.14109,1.3507,4.1379,1.6888,0.67294,-0.058859,0.80793,0.2785,-0.46441,-0.44355,0.8609,0.46219,-1.3999,1.9802,-0.54258,-1.2535,-0.64379,-1.7937,-1.7532,0.32209,1.9547,-2.7976,1.6698,-1.4597,-0.51371,2.0761,0.73208,1.1428,-1.0437,-0.71787,-0.63452,1.8003,-1.9744,0.12219,-0.4022,-1.5099,1.8004,-0.68595,2.089,-1.624,3.3664,-0.15524,0.04981,0.060485,0.76377,0.24144,0.2988,1.5027,-2.2482,0.48026,-0.10102,-0.54397,-0.18809,0.57927,0.83468,1
1147,-2.4586,11.911,4.4706,1.732,-3.2617,1.8416,3.2113,4.913,-4.378,1.7339,-2.5244,-3.3895,-1.2344,-1.0115,-2.1226,-0.9494,-3.3844,1.1424,0.42166,-1.4,-1.574,1.0677,-0.89848,-1.4584,-0.39297,-0.2325,1.6115,2.5862,0.48527,0.080621,-1.4939,-2.3933,-1.3091,1.706,1.8239,2.1585,-0.40016,-3.0019,-1.7197,1.7895,-1.3659,0.14433,-1.3171,-2.4192,-1.9303,0.1277,3.7649,-0.76321,-0.95043,-0.13732,2.3399,-0.34613,3.1221,-1.0668,-1.9987,-0.37958,-1.2162,1.4809,0.19275,-1.1896,-1.1298,0.12667,0.25801,0.8598,-3.928,-0.60497,-0.19864,-1.7525,-0.84795,-0.39209,3.6668,0.74605,-1.0799,1.1101,-1.2093,-1.2669,-2.467,2.8156,-0.95186,1.7597,-1.6516,-0.29773,0.98664,3.0775,-2.0664,-0.38087,-2.6254,-1.7789,-2.7499,-1.7293,-1.5715,1.4931,1.4544,0.25287,-1.6223,-0.94735,0.16316,1.5207,0.69446,-2.8108,-0.067679,-2.233,-0.37311,1
1149,1.7797,15.893,5.3867,-8.8859,3.7308,1.5743,-0.51917,0.40196,3.6473,1.2269,-3.1631,0.9632,1.637,-1.3681,0.0064406,0.28173,-0.58591,-1.562,-1.872,-2.5158,-2.3095,2.2375,-0.077951,2.7858,-0.30609,0.45881,-0.854,-2.106,-1.0858,3.8006,3.1736,-0.034845,0.91512,2.8955,-0.11642,0.23414,1.0107,-1.1538,-1.8986,3.5095,-0.94687,-0.75333,0.83141,0.33164,0.22756,-0.63689,-1.3244,1.0973,0.3421,2.7507,1.7783,0.0086994,0.96319,-0.93453,-1.3507,-0.066482,0.70298,0.15533,-1.0196,-0.53361,-2.3288,1.4672,-1.9457,-1.8114,0.98552,-0.025615,-2.5105,0.47568,0.41666,0.77407,1.2992,-1.0346,0.65125,-0.24934,-0.7061,-0.025719,-0.51674,-3.3259,-0.52141,-0.46541,1.4606,1.119,1.1391,0.93758,-0.29527,-0.98107,0.88654,0.59711,0.52944,-0.36408,0.56706,-0.086951,0.75841,0.8029,1.221,0.614,-1.3207,-0.052728,-0.12579,-0.138,-2.4321,-0.42206,0.87941,1
1150,-2.4071,3.713,0.53745,-1.6569,6.8947,-2.2694,-1.4279,4.1299,1.9683,-0.77245,-2.9355,1.3586,0.0019024,-2.9353,2.7166,3.0141,2.1901,2.2174,2.1722,-0.52816,-1.2977,0.59819,-1.6373,-2.2316,0.78343,5.077,-2.9049,1.7732,-2.623,-1.3577,-3.0926,-0.30436,-0.96051,0.63343,-2.552,-0.071047,-1.9195,1.7096,-0.53537,-0.89483,-1.0283,-2.0709,0.93351,-0.34498,-1.6116,-1.6229,0.58544,-0.14129,0.76006,1.9728,0.67879,0.6332,-1.0275,0.62959,0.24089,2.2256,-0.77284,2.1627,1.2664,3.9611,-2.3212,-1.547,1.4628,-1.2438,-3.836,-1.6575,1.4022,-0.1855,3.1617,-0.27495,-1.7282,-0.065198,-0.9347,-3.3067,0.68794,-0.68488,-0.9592,-0.37385,3.0105,2.0825,-3.8727,-1.5334,-1.527,2.7692,-0.26223,1.2685,0.090554,-1.2121,-0.36768,-0.22026,1.1534,-1.2357,0.023907,2.2356,2.5732,0.26252,-0.65588,-1.2743,0.98344,0.017094,-0.43322,0.12079,-1.3301,1
1152,-6.2503,13.098,-0.44104,-1.8615,-3.2018,-4.1971,1.9989,-2.5069,5.4849,-1.1995,1.9765,3.1176,3.1089,1.0866,3.4624,-4.2403,0.75774,1.4313,2.0531,-0.78445,0.27303,0.60213,1.23,1.782,0.97849,-2.4067,-0.65301,-1.1377,2.0318,0.80062,-0.8036,0.56374,-2.7853,-0.43302,-2.3936,1.1295,-3.1522,-0.98023,-0.68529,1.1275,-0.87484,-2.747,1.3133,-0.073697,-0.31121,0.86692,-1.2543,0.91977,-0.64628,-1.9259,-1.3817,-1.0854,-4.3245,1.7467,-1.5287,-0.36903,1.9166,0.41038,-1.8679,1.7516,4.1113,-0.027447,1.015,-3.5394,1.0423,-2.5683,0.14805,0.41211,0.78421,-0.93972,1.3104,0.085592,3.9653,-2.6799,-3.4302,2.0701,-0.64453,0.7854,-0.68953,0.1225,0.45247,-0.99494,0.73722,1.1144,-1.5933,1.7282,0.6442,-2.6196,0.17826,-2.5366,-1.0442,-1.3739,-3.5793,-1.0967,-1.3671,-0.39992,2.2882,-0.18226,0.21996,-2.4102,0.83657,-1.4859,-0.76268,1
1154,-15.699,0.35919,3.5322,-1.5102,3.0521,3.2404,3.7794,-2.5591,-1.9496,1.5885,3.2044,4.7812,-4.9054,0.17245,-0.10172,2.2878,3.0211,-1.5943,3.7102,4.2833,-0.1596,0.4119,-1.2534,-2.8342,0.98752,-1.4799,2.9479,-1.3873,2.4615,3.4564,-1.0719,-2.0592,-2.6552,-1.6942,0.82484,2.8917,2.7205,1.2851,3.0376,0.60302,0.97711,-2.8376,-0.32678,-1.5656,-4.3122,0.8495,-1.3856,-2.6016,0.020062,0.25473,2.4206,-2.8669,-1.4393,-0.666,2.4145,-0.16851,-1.211,-1.7092,-2.043,1.4314,-0.52115,-0.44271,0.61591,-1.6335,1.1873,-0.43595,1.5839,1.4497,-0.40103,-2.1836,0.34048,1.8946,2.2853,0.025789,0.76586,-2.8081,-2.5548,-4.1167,-1.0626,1.2464,-0.42089,2.4416,0.87385,0.052519,0.44086,0.30059,-0.3436,1.5443,-1.3875,1.11,-1.0926,0.11972,1.0441,-0.70155,-0.32481,-0.99391,-1.3683,-0.42868,0.97054,2.0585,0.13792,-0.73205,0.12995,1
1155,10.658,10.069,2.559,7.1536,2.1334,1.397,-6.6602,-0.90052,-0.88183,4.1881,-1.2223,-2.061,6.0563,-0.96541,0.060024,4.4253,-1.1887,-3.3583,0.17764,-0.56588,3.0445,-0.80686,-3.8675,1.2193,-3.7655,1.1103,-2.6621,1.6417,1.2224,-2.3157,-0.74479,0.89765,0.70421,0.94884,-0.83291,-2.1087,-3.407,2.868,5.5031,0.47942,-2.4386,-0.91424,-0.37345,-2.1806,-2.274,-0.4919,-1.1513,-0.82648,1.9755,-0.83333,0.26358,-2.8357,1.0333,-1.6625,-2.3291,0.78086,0.13494,-3.497,-0.51923,-0.030969,1.1967,0.52286,2.4639,-1.6673,0.71593,1.058,-0.25253,2.3814,0.23814,1.5776,-0.24718,1.2041,-1.3719,-1.6309,-1.4302,1.0167,0.84821,0.92996,0.8908,-0.10698,2.8103,1.2498,-0.71105,-0.89748,-0.39707,-1.6548,-1.5149,-0.068421,-1.5116,1.6789,0.71714,1.9665,-1.7595,-0.73697,1.6141,-1.4259,0.28596,-0.36366,-1.1251,-1.2277,0.54667,-0.16249,1.0208,1
1157,-4.4655,6.8426,-7.4358,2.2385,-1.3131,3.2223,-0.82342,-0.14974,-2.236,4.5672,3.458,-3.5842,0.76607,-1.229,-0.96019,2.605,-1.7288,1.2869,-0.68749,-0.36996,5.1001,-0.61111,-0.13114,-0.14094,-0.25818,0.79092,0.5734,-2.3859,-4.358,1.2138,-1.388,-3.346,-1.6174,0.91618,-0.9874,-0.3073,-1.9021,1.4117,1.904,0.12503,-0.64205,0.53722,0.89383,-1.9299,-1.244,-1.9942,1.3763,-2.0821,-0.36706,0.73326,1.0327,-1.2904,-0.91239,-0.50543,-0.32105,0.96862,-0.67405,1.4629,-2.8541,-0.13806,2.7572,-0.98956,-0.48554,-3.4547,0.68513,-0.15426,-1.0894,2.4524,-3.5645,0.17152,1.0264,1.1268,-1.6759,3.0144,1.0656,-0.82411,0.10185,0.27578,0.45812,0.36023,-0.6571,-4.1104,-0.93961,-1.4724,0.56232,-2.5174,0.36063,0.83936,0.19955,-0.34453,0.10447,-3.7546,1.5991,0.27375,-0.98196,-1.8245,-0.57134,-0.3809,-1.0053,0.84416,-0.44829,-1.1732,0.96496,1
1158,2.4059,-0.69485,-6.7715,0.35772,5.8755,3.8084,-0.85059,-1.8521,-4.3969,0.65611,-2.0821,-2.4702,-3.5899,-2.3097,1.2549,2.0035,1.4524,-0.1045,-0.19139,0.96164,3.4841,1.9213,4.9598,2.3351,-2.0846,-2.1988,-0.56879,-1.3823,-1.1953,1.8704,-1.0286,-0.008856,0.86452,-0.72765,-2.9819,1.0792,0.59486,-0.062837,1.1872,0.77791,2.9172,-2.0511,1.5201,3.8069,1.5823,-1.1087,-0.1109,-0.51397,-1.863,-0.32632,1.3733,1.0715,-0.68569,2.4844,-0.19864,1.4886,0.39944,2.3029,-0.11651,-0.12081,-0.13261,1.9164,0.79873,0.95865,0.7425,-1.9324,-0.14301,-1.4705,2.965,0.62794,1.9301,-0.090171,0.24821,0.37941,0.36501,0.94836,0.96349,3.4975,0.024981,0.54798,-1.1564,-2.7859,-0.77985,0.92314,1.134,-0.7727,1.8912,1.5524,-0.5889,2.2701,0.30046,-1.6626,1.2352,0.028895,0.16923,-0.78796,-0.69235,-0.40767,0.4015,-1.9741,3.7326,0.13177,-0.83066,1
1159,6.777,7.7228,0.59591,0.20691,4.7518,-0.60199,1.8309,-2.6524,3.3062,0.85626,-3.5106,-1.8205,-5.3797,-0.68877,-2.1611,-6.2057,3.4511,-2.0052,0.88081,1.4491,-1.5332,-0.046769,-0.25371,-1.1528,-0.57513,-4.2596,1.0356,-1.9275,-0.5768,-2.1211,-2.388,5.1468,0.71922,2.1879,1.779,2.7341,0.53333,-2.5227,-0.092828,-1.6451,-1.9819,-1.3156,-1.1617,0.93147,-1.9938,-2.8238,-2.4297,1.2052,2.2534,-3.1373,2.6238,0.3607,-1.2056,3.5196,-1.8996,1.3388,0.67729,-0.62846,-0.37905,-0.31521,-2.5501,-0.60575,0.92195,0.57124,1.7436,1.9112,0.91663,-0.89423,-0.091664,-1.225,-0.71117,1.9398,-0.63685,3.0857,-2.6045,-0.58307,1.546,0.97746,1.5659,-0.13668,-0.97649,-1.4132,-0.29589,-1.1309,1.7202,-2.3814,1.5675,-1.3207,-2.6433,0.63805,-0.32414,-1.5696,-0.015127,1.1414,1.2173,1.0121,2.4909,0.61512,-2.1647,0.95394,-2.255,0.00015629,1.2193,1
1160,3.0725,18.226,11.03,-7.8951,-10.657,-0.87176,4.5942,-0.16914,-2.8866,-3.1546,1.7367,2.7221,-2.5755,1.6213,-2.7584,-0.98428,1.6171,2.0353,2.8268,-3.4625,2.0883,-3.1283,-0.030859,-1.5031,-5.8205,3.4112,-2.085,0.79148,-1.7105,-3.1552,-4.4539,0.39672,3.8492,3.3126,-2.3848,0.092951,2.7352,0.49478,0.035097,-0.6331,-0.99887,-0.48013,-0.67285,0.12837,-1.6705,-1.9218,0.71057,-0.26102,0.10613,-1.1859,0.7625,1.9623,-0.58635,-1.5028,-0.3114,1.8114,1.5708,-0.99883,1.6458,-3.6179,-2.4281,-3.1774,0.82175,-0.24528,1.4263,-0.32671,0.78095,0.55368,-0.61806,-0.77991,0.59292,-1.466,1.3129,-1.345,1.0702,1.492,1.2228,-0.81373,-0.82952,-0.44122,-0.10722,-0.95388,1.1993,-2.0607,0.59441,0.59849,0.21743,1.2596,0.84264,-0.2969,0.2903,-0.28856,-0.096597,-1.8084,-0.81852,-0.94508,-1.5844,-2.0732,1.5784,0.044942,1.0256,0.21617,-1.442,1
1161,-4.8019,-1.4399,-1.0061,0.13829,-1.74,-0.99056,-0.96081,-1.0135,-3.7223,1.3107,1.2629,-0.83804,0.17347,1.0135,0.14349,-3.0498,-0.39581,0.38046,1.7308,-0.78553,1.43,2.4919,0.36098,0.92088,0.15683,0.79072,-1.6489,0.77808,0.52727,-0.73533,-1.0458,-0.13764,0.79878,0.56424,-2.8599,1.0385,2.7656,-0.95528,1.643,-0.9638,1.2195,-1.472,2.042,2.0152,0.33988,0.40582,1.0945,-2.3287,0.68126,2.7764,0.97705,0.35396,-0.73836,-0.31018,-1.0165,-0.86356,1.3242,3.0793,0.47646,-1.3378,-0.85953,3.806,0.47138,1.1332,0.24854,-0.50915,0.36644,-0.44089,0.2477,1.3292,-0.14653,0.76043,0.98892,-2.478,0.26218,0.33749,0.49531,-1.3591,0.53068,2.239,1.7566,3.7069,-2.6346,-0.49596,0.45967,1.0211,0.59262,1.2316,-2.1439,1.7476,2.9998,-0.025605,0.32798,-0.18537,1.1424,1.7329,1.3007,2.9505,-0.95517,-0.728,0.6737,0.38948,1.2969,1
1136,22.83,-10.217,5.9241,-3.62,-0.33967,-1.846,2.4167,-0.18341,0.50681,4.7775,0.37479,0.42344,-2.3869,-3.2819,0.068624,-2.4967,-2.0351,-3.6888,0.0040453,-0.32236,-0.065546,-4.8688,-0.015376,-3.1216,0.27274,-2.0522,-1.6861,-2.4253,1.904,-0.88394,-1.5311,2.5328,-1.3875,-2.3765,-1.5418,-1.3639,-1.2424,0.22391,-2.8322,0.1663,-0.70305,2.8539,0.11495,0.90376,1.102,0.83616,1.5045,0.45708,0.24356,-0.98624,-0.68089,1.0007,0.72829,-1.5109,-1.1035,-2.2053,0.66002,2.8036,-2.5428,-3.52,-0.77152,0.95506,-0.51893,-1.2415,-1.5016,-1.124,0.1503,3.2153,-1.7929,-0.70377,2.7015,-1.7966,0.67216,-0.79147,1.48,1.3857,1.1784,-0.64715,2.3157,-0.23163,0.010342,-0.22104,1.785,-0.29739,1.3928,-0.41717,-1.6507,0.25933,-1.1411,0.30726,-0.86706,0.13801,-0.33436,1.1367,1.2983,-0.20972,-0.28118,-1.3182,-1.2739,0.79715,2.8297,1.3452,2.564,1
1139,16.168,-8.342,-0.6686,-4.6763,-4.6705,1.8181,4.9489,0.30474,1.9525,-2.9965,-0.20867,-1.5302,0.74331,-0.97403,3.1125,-2.7457,3.1263,0.46116,1.2114,-3.6583,-1.0303,0.018742,-1.3279,0.53098,-0.30883,2.4399,1.7486,-1.4074,0.46922,-2.8815,-0.70373,-0.63523,-0.24422,-0.33526,-0.25963,1.3377,-0.4064,-0.52968,2.5639,0.33567,-0.33939,-1.1069,1.1522,2.5356,0.99914,0.80718,2.4665,-1.9395,-1.1349,-0.57433,-1.2175,1.0634,1.8351,1.923,0.35631,-2.6526,-0.07681,-2.1566,1.6665,-0.093902,0.32554,3.8227,0.88362,0.2433,3.1311,0.48052,-2.7296,1.0488,-1.4018,-0.65585,-1.0237,1.3519,-2.773,-0.29331,0.054042,-1.5143,-1.3389,-1.7815,1.4409,-3.3942,-2.5385,1.37,-0.68498,0.89774,-1.0928,-0.70823,-2.9391,-1.2992,-0.80041,0.21476,1.1896,-1.8693,0.50386,1.736,-1.4635,-1.3633,-1.3074,0.54984,0.36277,-2.6266,-0.97247,-1.2,0.1932,1
1142,-5.558,-6.9148,-3.6548,0.14781,0.75415,-4.8643,0.52937,2.1098,-0.85618,3.6418,-1.5766,-1.2982,-0.10092,-2.9091,0.89151,-1.3497,-0.87115,-1.708,0.93023,-0.070469,-0.10544,0.87807,-0.64326,0.64415,0.97238,0.58159,-1.4104,0.13505,-0.49205,-1.131,-0.63022,-0.011569,-0.44258,0.59708,1.7234,-0.2682,1.9328,1.0287,1.0644,0.329,1.7853,-0.4008,2.3331,-1.8212,-2.1732,-0.65197,-0.0024851,-0.94696,2.427,2.0911,0.52339,0.26905,-1.1073,0.25011,-2.5822,-1.0072,-1.6533,-4.3097,-1.513,-1.7689,1.2374,-0.0086594,1.857,2.201,0.18076,-1.1798,-0.77319,-3.3629,-0.022946,2.4447,-0.71303,0.71598,-0.66021,-1.1336,-0.80612,2.2137,3.1966,-0.5266,-0.88179,-1.3039,-0.59802,0.44293,-1.2318,0.99059,2.1112,3.0261,2.7591,2.9901,-1.1803,-1.5427,-4.8708,0.46572,-2.1206,0.82695,-0.9279,2.3658,-4.8319,-1.0619,0.81869,-0.72405,-0.71209,-2.0473,0.17117,1
1145,-2.4917,9.4764,3.9789,9.1041,0.79533,7.2134,1.2231,1.0501,0.26535,5.3808,0.57962,2.4682,4.1401,-2.3283,-1.8289,-4.8756,-8.4865,1.4699,0.41994,1.503,-0.29018,0.59601,1.9409,1.1103,0.86012,-0.36964,0.59686,0.77264,0.50923,1.7167,0.87883,-0.93741,0.41416,0.89844,1.972,4.7656,-0.021863,-1.0401,0.3127,-0.036442,1.956,2.6512,-1.749,2.067,0.19723,-0.15133,-0.81496,-2.3182,-1.1989,-1.7239,-0.81708,-1.2135,-0.72478,1.8889,-0.16071,-0.52555,2.7525,-1.3857,0.45434,-0.69804,-1.2218,-2.258,-0.75673,2.4146,-2.0528,-0.026955,2.0569,1.4213,1.4751,1.8234,-1.6632,1.6929,-0.65956,-0.51636,-0.98349,-0.27169,-0.11532,-0.96354,1.866,-1.3338,-0.60836,0.18465,1.0333,1.2142,-0.094948,-0.64678,-0.63758,-0.33902,0.47974,2.2859,2.9585,0.56113,-1.514,1.0889,-2.3832,2.062,-0.82562,-2.6397,1.7263,2.0071,1.8538,0.59017,-1.8625,1
1148,10.767,6.9637,0.48214,5.9661,2.0257,1.316,-5.065,-2.9336,-0.57979,-5.0548,5.9861,-2.6098,-2.9826,-3.1219,0.76348,-2.9428,2.5965,0.28911,-3.6852,-0.39263,-0.41568,2.6315,1.187,-1.4965,6.0287,-2.5117,1.6607,-3.607,-1.4829,-4.3798,2.6066,-0.66151,-2.2357,-1.6341,-4.4935,-1.2964,-1.5524,-0.84597,-1.1924,-0.75879,-0.055037,-1.4993,-1.2955,-1.8157,-0.47515,-1.5374,1.4033,0.91835,-4.7259,-0.097789,-0.34697,1.8778,-0.60921,-1.3455,0.52692,0.01072,-0.26012,-0.084368,2.253,-3.5014,0.2925,-1.9514,2.6481,-0.74271,-0.29425,-1.031,0.096803,0.27019,-0.27284,0.47345,-0.89371,0.47102,0.87531,2.1477,1.392,-0.14227,1.0401,-1.4055,-0.79117,-0.61642,2.5575,0.074178,0.7287,2.6136,0.28207,2.1385,-1.477,-0.38688,-1.1147,2.4817,-0.45204,2.8421,-0.51769,1.6989,1.1007,-0.42711,-1.5231,-0.84157,1.3606,-0.1044,0.23829,-2.3935,-0.36971,1
1151,0.22637,-5.1602,7.6093,7.1964,0.71975,5.3427,2.5516,2.6833,1.09,-4.5338,-0.2044,1.549,1.7653,4.5775,-1.9052,1.3886,-1.8993,-2.7651,-2.7735,-0.10818,-0.95381,3.2799,2.5374,1.0142,-4.5098,1.9455,-0.44777,0.77585,-3.6938,2.7342,-0.0050146,-1.0526,-3.5266,-1.8835,-0.95314,0.80178,-0.25499,-2.6927,-2.0262,-2.8548,2.0787,-0.0048294,-1.1814,-0.79239,1.0169,3.1421,-0.85065,0.64997,1.5823,-0.98559,1.8851,-0.46207,-0.3681,0.58486,0.33638,0.25183,2.2281,-0.24489,-0.53237,-2.774,0.29899,-0.71566,0.42504,-0.49558,2.8999,0.17712,0.10659,-1.122,0.66395,-1.1342,1.4654,0.19697,-1.7837,0.12834,-1.4391,0.66734,1.4784,-0.00021634,-1.0839,1.491,0.57173,2.4949,-0.83131,-0.48676,-0.10931,3.2928,0.88736,-2.4237,1.6612,0.71477,-0.3199,-2.3849,0.64412,-0.23001,-0.23286,-1.1628,-3.072,0.095275,-2.7738,-1.9169,0.18567,2.0568,0.27355,1
1153,4.1561,12.231,-4.7709,-0.13617,2.458,1.1771,-0.49245,-3.3965,1.7375,2.8427,-1.3493,-1.2068,3.2125,-2.0339,0.93083,-1.5066,-1.5739,-0.73821,1.2427,-1.8518,-2.1853,-1.2612,-0.5473,1.4128,-1.0736,-1.3349,2.9484,-0.10894,-0.69539,0.45167,0.676,-0.70123,-0.19969,-1.7283,0.88566,-2.1268,-0.23763,-1.5617,0.79598,0.51339,3.1496,-0.39647,-0.19536,-3.0794,-0.96473,0.18766,3.7282,-0.092544,3.0146,-0.95118,2.8475,1.6495,-2.9693,0.50671,2.5381,-1.6681,1.1055,1.8271,3.5184,-1.261,0.99163,-1.3723,-0.69601,-1.8603,-1.8643,-1.345,-0.96714,-1.4536,-0.53738,-0.3594,-2.7282,-0.19773,2.4954,-1.1209,2.8721,-1.4957,-0.73934,1.1323,2.4155,-3.3092,-0.55086,1.1045,-1.0062,-1.1163,-0.46452,0.076037,-0.019586,-0.76782,1.1444,0.16179,-0.14583,0.45707,0.83086,-0.11064,0.23806,2.002,1.0453,-0.74826,-2.5179,-1.2456,1.6582,1.9038,1.7678,1
1156,-10.156,-0.63904,2.0454,-2.7871,0.94367,2.3765,-1.7097,-1.1837,2.3241,-2.9876,2.068,2.4835,0.41511,0.72521,4.098,-3.2443,1.7948,0.52488,2.2545,1.8991,0.90956,-1.4533,-0.32572,3.1302,0.43808,-0.113,-1.1685,1.6924,-2.5254,-0.66726,-1.9725,1.177,-2.3981,-0.40067,-1.4913,0.93495,3.5053,0.0016978,3.7492,1.2662,-0.2024,3.5862,-0.71242,-1.6782,-2.0881,-0.84922,-3.4711,1.5608,-1.1236,0.98969,-0.56662,-0.0067755,-0.13908,-1.7908,0.37611,0.49446,-0.73504,-0.59193,0.84141,1.696,-1.2111,1.5887,-1.7429,2.3866,1.2021,-1.6597,-2.7122,2.7075,4.4449,0.30021,3.1958,0.75328,-1.5331,2.5098,-1.6095,0.13824,0.3038,2.1987,1.2344,-1.9906,-0.010293,-1.4757,-1.1308,-0.058461,-0.49468,3.2706,-3.9423,0.7369,-0.25572,0.44307,0.73454,1.5771,1.3788,2.2147,-1.4096,-1.4169,-1.3166,-0.70204,-2.4539,0.47688,-0.12766,1.6407,1.3106,1
1,-10.741,9.5245,3.0061,-7.7695,3.8021,-1.2981,-2.0466,1.0009,5.9334,2.0554,0.51389,0.33817,-5.0232,-0.94334,-2.7958,3.5309,-0.32937,-0.89026,0.62,-0.85424,0.5759,3.0064,-0.28863,0.41367,-0.21395,2.5476,3.4354,0.36919,-0.19232,2.3959,2.5632,1.6286,4.4694,-1.0892,-5.1752,-2.2621,2.9391,-0.10528,-1.438,1.9308,2.5822,2.9688,-0.91685,1.1985,0.79283,0.30257,1.7645,0.67183,-0.79064,3.0391,1.4867,-1.0046,-1.0432,-0.44439,0.18312,1.3175,2.7545,-1.8305,1.5549,-0.2524,0.32951,1.0161,2.3379,0.74544,-0.40518,1.8928,1.1007,-0.27614,0.82421,-0.91698,-0.26787,2.673,-2.4185,2.6045,1.287,-1.2878,-1.1035,0.39039,1.2707,-0.63661,0.27882,-0.63876,-1.1094,-2.2837,-1.2531,1.1162,-0.50889,-0.86613,-0.23269,-1.7879,-1.2377,1.711,-3.1831,-1.6278,0.11572,0.71406,1.3585,-0.20414,-0.69721,0.75581,1.9535,-0.97124,1.4723,-1
10,4.6568,-5.2627,4.0923,1.9012,0.62578,3.0827,-1.4845,-1.4573,-0.70774,-0.98757,1.8988,-3.456,0.32703,-0.50343,-2.583,1.0589,-0.054695,-2.2653,-0.5587,-0.68616,-4.0299,-3.1028,4.8383,0.30484,-1.1456,3.8753,-2.1817,0.69147,-1.7448,-0.84497,1.629,2.6722,-0.56214,1.1065,-2.3056,-2.4716,0.11418,0.17432,-2.1266,0.61376,0.85145,-1.6173,0.90473,-1.3488,-1.1073,-0.43479,-1.5879,-1.1529,-0.36548,-1.1032,-1.4074,0.66703,1.0499,-0.19916,0.19154,1.7711,-1.3282,-1.1134,-0.83283,3.1037,1.3587,0.18108,1.7668,0.12638,-2.4566,0.50398,1.0491,-1.2735,1.2193,-0.96247,1.6948,-0.7388,2.3752,2.8882,-1.1507,-1.6718,1.6144,0.32233,-1.1351,0.90439,-0.5993,1.459,0.42523,2.0939,0.15915,0.7384,1.3873,-1.4457,-1.2084,1.1923,1.3684,-0.98267,0.3864,-2.9291,0.26053,-1.3719,0.61995,-2.0924,2.18,1.6813,0.49015,0.72754,2.6061,-1
11,9.8538,-0.59076,-11.893,-0.24422,2.0177,7.8838,3.0967,5.23,1.1354,1.0449,7.1202,-0.9911,2.8056,0.97603,-7.0969,-2.7662,5.3135,-0.82774,4.8978,0.34672,1.2235,1.8104,-1.3696,2.37,-2.4216,-0.82826,5.4127,-0.26993,1.5039,0.35942,-2.2383,0.67888,-0.64845,3.6775,2.0219,-5.1991,0.38245,-3.2479,1.1952,1.952,1.2867,1.5602,2.1855,0.75108,0.19085,-3.6056,-2.1765,3.313,2.637,1.762,-2.4117,1.237,0.40615,-1.5733,0.96199,-0.55576,-0.99814,2.5708,-2.0406,-0.50604,-0.20112,-0.32814,0.093522,-0.793,-1.2486,0.26409,1.3296,-0.5625,-0.32661,0.40253,1.0414,-2.7121,-0.31066,-1.6412,0.58273,0.54659,0.3027,-0.67562,1.2211,-0.14907,-0.059143,0.76602,0.16393,0.65426,-2.338,1.4717,1.585,-1.1389,0.79247,1.8977,0.18265,1.3277,-0.019629,0.39816,-0.13662,-0.16799,-0.82548,0.52961,0.56339,1.065,-0.8913,-1.0586,-0.93859,-1
12,0.54185,12.071,4.1338,1.412,-5.5913,6.4859,-2.3045,10.982,-2.6922,-2.3476,-0.22501,-4.7042,-2.9563,-0.3344,2.2606,-1.2166,3.0285,-3.06,0.67084,0.31691,-3.0153,-0.072825,0.67089,-0.61704,3.1906,-4.5549,-2.3544,0.8084,1.4805,-0.36351,-1.6999,2.9109,-3.285,2.4982,3.6849,-0.45158,-0.64439,1.5565,-0.64482,0.70825,4.8215,1.1366,1.7326,-4.0112,3.2086,5.1132,-1.9026,-0.34855,-0.57829,1.5688,2.4629,0.86128,-1.8465,1.0279,0.07747,1.2679,-0.75851,1.2084,0.33163,1.5565,0.28946,1.9383,1.8942,0.087033,0.74994,-0.34792,1.4702,0.21092,-0.88782,0.69137,-0.24646,-0.41248,0.5493,-0.67885,1.2447,0.47898,-0.44865,-1.4579,0.4603,-0.50745,0.62695,-1.4385,-2.2162,-1.8766,0.66631,-1.6956,-1.9964,1.2691,0.34262,-1.8407,-0.090821,-0.67795,-1.6479,-0.25385,1.0212,-1.2023,-0.69127,-0.83078,-0.4335,0.19481,0.34394,1.6549,-0.42255,-1
13,-1.7329,-0.22855,-2.5491,-1.2177,1.3106,-2.0155,-3.0846,0.72855,1.1914,-3.3469,-1.8043,0.10774,-1.5851,1.8719,-0.85631,1.7552,-2.0777,-1.4977,-2.9211,-1.298,-0.7827,0.61676,0.51171,-1.2627,3.4432,2.4482,-1.1704,-0.19016,0.080635,-0.073139,1.0394,-2.9646,-0.30128,0.90578,3.0017,-1.2234,2.5788,0.4613,-0.51306,3.1144,3.0185,-0.94441,0.061386,0.058384,-1.7866,-4.5325,0.69957,0.51306,2.2485,-2.3563,0.64552,0.68035,0.80368,0.28173,-0.90341,-1.4831,0.63297,3.8914,-0.76067,2.0446,0.66819,-1.7549,0.72356,-1.8215,1.2638,1.9099,-3.017,-1.2674,-2.1092,-0.059747,1.7616,0.68141,-0.91372,1.1227,-1.6351,-2.0427,2.03,-1.2346,-0.5872,-0.97448,-1.9301,0.81219,0.26397,-0.36198,0.83023,1.4671,0.39508,1.4215,2.3253,-1.4999,1.1675,0.083135,-0.080064,1.5151,-1.5753,-1.6858,1.5346,-1.5388,-1.6726,-1.0094,2.5704,-0.52547,0.29059,-1
14,-0.69642,6.949,-2.552,-1.1325,-1.4147,-3.3051,-5.0509,1.4671,0.45591,-2.4264,1.1346,0.43765,-2.4143,4.7992,1.887,0.022111,0.96299,-0.93639,-1.3973,-1.3135,2.5959,2.4379,3.1453,0.28643,3.7674,-1.6893,-1.98,-1.9266,-1.3755,-2.458,-0.95163,-0.017675,-0.14477,-0.10219,-0.70854,-3.977,-3.5657,-4.6991,2.9916,0.95759,-0.76494,4.2118,-2.1758,2.2501,0.07806,-0.65951,1.104,1.3436,5.4229,0.5794,0.54871,-1.4445,0.062584,2.0913,1.8167,-0.030678,-1.1908,-2.3331,0.33256,-0.3577,-0.11853,-0.62455,1.0342,1.199,-0.56433,3.0141,1.1445,0.32166,0.92428,2.9269,-0.85918,0.29714,0.56439,-2.2068,-1.3422,-1.5882,-4.0744,-1.3323,-2.1033,2.6145,-0.83238,0.25386,2.5625,0.95059,3.1681,-0.28558,-2.2035,0.2628,0.30839,-0.42961,0.66574,-1.3291,0.18393,-0.9188,-1.9156,0.024493,-0.57643,1.2282,0.2919,1.1434,0.31854,1.4665,0.95042,-1
15,23,-2.132,-2.2776,0.42667,1.9912,-6.3013,3.0862,2.1586,5.3693,4.8051,7.1247,1.3242,2.5513,-3.7169,1.5453,-1.075,-4.2171,0.25263,2.2087,1.4152,-2.9311,0.98797,-2.2592,-9.2871,0.47468,0.69683,-2.7543,2.08,1.1748,2.9708,-1.8498,2.2325,-2.0214,1.6631,-1.9497,1.3604,-0.97334,-1.0745,-0.45643,-0.13462,1.9629,2.7256,0.17019,1.9836,0.076765,-1.0873,-0.13414,-0.018941,-1.3623,2.6122,0.64277,-1.0401,2.6799,1.0271,-2.8159,0.47614,-1.2296,0.57996,1.1942,0.0199,3.7093,-1.5344,0.85023,-0.036067,2.8412,0.72539,-2.0239,-1.7547,2.9135,1.9544,0.36615,0.29913,1.0901,2.0554,0.70625,0.96801,-0.69594,-1.2403,-1.2121,-0.094233,-0.43904,-0.7421,-1.2181,-1.3117,-0.58248,-0.044607,0.31942,-0.10549,0.95622,-0.99466,1.0708,0.66484,1.6915,-0.81082,-0.20805,-0.76683,0.38719,1.3678,1.0506,0.41609,-0.63246,1.1708,0.36131,-1
16,5.0523,-7.0906,2.3126,5.4922,-1.9424,-2.0223,-2.9787,2.2108,4.4565,-3.2529,2.8131,4.1905,-0.085814,2.248,3.9753,3.2292,0.92583,-3.4427,0.99095,3.9812,1.7947,-1.7433,0.16062,-0.18929,0.43623,3.7521,2.3657,0.35033,-0.4177,1.6696,-0.17629,-0.17016,1.2999,1.9488,3.2829,-1.4417,-2.2129,-1.258,1.0494,0.53145,1.0966,-1.4319,-3.4795,1.1468,0.23876,0.76432,0.42112,1.1894,0.69006,-1.7806,2.8626,1.2119,-3.5389,-2.8299,-4.4112,-0.7737,2.0599,-0.24017,1.5496,-3.5977,-0.009877,1.9659,1.5439,1.6609,-1.7164,-2.9379,1.0153,-2.6774,-0.43021,0.37494,0.35134,0.70899,-1.0873,1.9317,0.1289,0.93213,-1.4845,0.48187,2.6829,-1.7606,1.8231,-0.035577,1.4496,1.2232,-1.2914,-0.50836,1.4519,3.1717,-1.2877,-0.60121,-0.54134,-2.4897,1.3787,0.27953,-0.31471,-2.3633,2.4113,1.9786,1.7341,1.7067,0.18941,-0.50849,-1.9525,-1
17,-8.2746,-3.4987,6.2271,0.039889,-2.9436,3.2119,10.164,-2.0931,0.11143,-1.4501,-1.5094,2.2379,5.2565,-7.6031,1.2897,2.3107,5.0658,-5.3971,-1.5525,5.2732,-1.7945,1.5706,5.5146,-0.34424,0.089102,0.40368,-0.35243,-0.53989,-0.19345,-1.7586,1.025,-0.38665,-1.3634,2.623,-1.075,-4.4104,1.8825,-0.025722,3.6561,-2.9544,-1.36,0.94004,-0.088898,0.20975,1.1223,-0.83883,1.5474,-3.9772,-1.3873,0.36618,-0.50491,-3.5645,-0.90432,1.0335,-0.858,-2.1912,2.6442,0.51947,-0.75894,-0.053528,-2.3986,0.10031,0.41802,-1.3171,-1.072,2.8217,-0.95202,-0.26057,0.23368,1.906,-0.47722,-0.41668,1.0885,-0.77544,1.6769,-1.2905,-0.90965,2.3932,-0.65544,0.087402,0.97244,-0.85658,-0.53804,-0.32743,1.9558,-0.48807,1.7137,-0.86905,1.0039,-2.6125,-0.53012,2.0615,1.166,1.3233,-1.322,0.36279,1.1919,0.3174,0.49779,-0.49236,-0.30937,-0.66227,0.89746,-1
18,-7.2611,-1.2654,4.7406,-0.82724,2.5512,0.029387,4.6752,-1.1603,-1.8962,-0.81289,0.81626,1.5411,0.98756,6.3596,-4.4574,-1.9841,-2.1879,2.9328,-1.6144,-1.3805,1.4013,4.0208,-1.1918,-2.4147,0.95134,-0.81954,-1.6285,-0.41129,4.7609,-0.27873,-4.3027,0.41075,0.72019,-5.2588,-0.050347,-4.5512,1.1636,0.77048,2.573,4.581,-0.14395,-1.1581,-2.7147,0.041092,0.31556,3.4523,-0.83355,-0.74592,-0.51705,-0.65289,2.1128,1.6806,-0.30637,0.22065,0.1889,-1.0525,-0.94055,-3.1699,-1.2,1.0607,-2.0467,-0.46995,-0.84055,0.74368,-1.2772,-1.2515,-0.82624,-1.321,-0.52331,1.5635,1.3038,-0.1946,3.2901,2.3532,0.15843,-0.32292,0.63497,2.9962,-0.9799,-2.2482,0.34885,-1.7194,-3.8136,1.3608,-1.0192,-2.2182,1.3584,-0.84405,1.4298,-0.17163,0.80368,0.88479,-0.073784,1.0433,1.8618,-0.19551,0.181,0.090625,0.25865,0.31581,-1.2489,-0.49891,0.094214,-1
19,22.166,-11.419,6.4129,-4.4582,-1.6389,-0.54078,-2.7598,-1.9005,-1.5553,0.32546,-2.9699,0.54158,-2.0118,0.32068,0.33279,2.5906,0.054458,2.0867,-1.29,1.8842,-0.44574,0.94661,-0.21971,0.73723,0.44836,0.026513,2.4834,1.067,-1.32,2.5889,-3.9403,0.45768,0.6507,0.31461,2.9346,-0.51701,-2.5292,-2.6876,-1.2963,4.8401,-3.5965,-1.8665,2.2467,-3.3631,3.2492,-0.71643,1.9774,-2.7592,0.96121,3.0015,0.51945,-0.65253,0.20189,2.4923,0.03561,-2.2872,3.6013,-0.77735,-0.83423,0.42987,-0.035472,0.1954,0.45258,-0.105,-1.9292,0.028725,-0.75999,2.2929,2.5024,1.402,-1.6897,-0.55728,0.40407,1.5005,-1.6698,1.1687,1.797,-2.6153,-1.3161,-1.0673,-0.57093,-1.4857,0.19916,1.5379,0.21614,0.31442,-0.43566,-1.3671,1.2633,2.8447,-2.8621,0.72537,1.093,-2.6058,0.4365,-0.59073,-0.11658,-0.25141,-1.9181,2.3097,1.0338,0.46872,-0.81958,-1
2,-0.82992,-4.3792,3.8994,1.6118,0.24662,1.3314,-0.046086,-0.019817,1.7224,-2.385,1.4819,4.3738,-1.2581,-1.7941,2.3711,0.1243,0.75687,0.92568,-0.51957,-6.6619,-0.71089,0.42363,-0.22833,2.2035,2.2126,0.79494,2.4133,-1.3099,-0.27603,3.3816,2.3746,1.1155,0.3791,-2.9324,-0.25832,-0.60478,-0.013886,2.9542,-0.68546,0.82632,-2.4375,2.4451,2.3148,-0.82589,2.8236,1.3668,-0.42677,2.0025,-1.6361,-1.1764,1.8081,-2.8106,-0.21181,-1.3204,-1.1197,0.20123,-2.6713,1.0491,-0.026592,0.63922,-1.6462,-0.23232,-1.9878,-1.0811,-1.6519,1.2594,-1.4702,-2.2411,-0.41311,0.43978,3.3883,1.241,1.1088,-1.3404,-0.22477,1.2872,-1.2375,-0.019672,3.3717,-0.43033,0.27842,-1.117,0.4927,-1.246,2.8309,0.059846,-0.3301,2.19,0.42618,1.3679,1.191,-0.87147,0.10533,-2.2161,-0.1599,1.8559,-0.79165,-0.19781,0.59889,0.22501,-1.1653,-2.1412,-0.3359,-1
20,6.2362,-7.3832,1.8361,-1.8265,-4.2653,-0.17532,-2.3719,5.0411,-2.165,-5.1905,2.613,5.3676,1.6551,-0.52634,1.3731,2.6515,-1.7548,3.0401,1.703,-0.48263,-0.97308,-0.82084,0.17049,1.4329,0.72775,-1.9248,2.8828,-1.2631,-2.2851,0.47176,1.4065,-1.0782,0.5458,2.9664,0.053244,5.5651,0.12908,-0.87399,0.63683,1.0954,2.3486,-0.79802,1.9495,0.77369,-1.3711,-2.8717,-1.9648,0.86126,1.4656,1.6034,-1.5219,-1.1436,1.5317,-0.68534,2.4979,-0.2134,-1.479,-2.7744,-0.33359,-0.84724,0.26662,-0.67317,0.34253,-0.38665,-0.42143,-1.1367,0.84026,-2.727,-1.9277,-0.66909,-3.3556,-0.7862,2.9129,2.4054,-0.55779,2.752,-1.1978,4.4576,-0.029293,1.229,0.63008,-0.0041914,0.62116,0.23703,1.3013,-1.8151,-0.1911,-0.76571,0.55145,-2.1464,0.94238,2.3573,-0.2293,1.3214,1.0948,-0.85507,0.29673,-1.2342,-2.2179,0.21298,1.0012,-0.15526,3.8696,-1
21,20.686,7.7928,-6.3458,3.5273,-2.7525,-5.3022,3.2123,-3.5506,1.1757,1.8878,-0.72149,-3.1475,3.2511,4.1984,3.3568,5.4492,-0.078369,-1.1371,1.384,-2.8557,2.7355,-2.9196,4.9147,-2.775,2.1381,-5.2664,2.0013,2.2442,-2.2787,0.45208,1.2851,-0.39335,3.7214,-0.91277,0.69675,-0.34436,3.3446,0.63436,0.47685,-1.789,0.90087,-2.1744,0.69139,-1.8085,-1.8439,2.5999,-2.023,-0.38299,2.0304,1.26,-3.9863,3.3637,-0.038163,0.19483,-0.64573,1.3576,2.5744,0.25493,-0.51385,1.8468,-1.4931,-1.4693,-1.1131,1.1615,-0.10202,3.185,0.43512,0.12279,-0.0073384,0.18604,1.0753,-0.18905,1.6291,2.5455,0.80617,-0.70082,0.98413,-0.71088,0.25494,-1.0324,0.54484,0.92974,-0.88796,0.55399,-2.0301,1.5095,-2.7311,0.17038,-0.6612,-1.289,0.1569,-0.32621,0.28722,0.83358,0.68752,0.37542,-0.90602,1.8111,0.74064,0.75059,0.22583,-0.60644,-1.2533,-1
22,-11.901,1.1146,-0.61803,-1.4559,5.2838,-0.094515,-1.1238,-1.5653,4.5749,0.022732,3.4895,1.227,-4.0444,-0.20896,-0.2894,-1.6556,0.12725,-0.19041,-2.1627,0.98744,1.4411,-0.29013,-0.63014,0.0078144,-1.0403,-2.6576,-1.8533,-2.5165,-1.6613,-1.7514,0.5473,-1.4419,2.309,0.61776,2.3334,4.6282,2.4937,-3.862,0.76749,-2.6772,-1.06,1.5512,-1.4447,-3.7793,1.1994,1.9319,2.6263,-1.6224,2.559,-0.089392,-2.2854,0.077965,1.353,-1.714,-0.10765,-0.96117,-1.2789,0.1151,0.26429,0.25295,3.2676,3.9244,2.2412,-0.53204,-2.1597,-2.1351,-0.076474,1.8573,0.9911,-0.52659,-0.51396,-2.8858,-0.72593,0.0976,-0.19857,-2.1547,0.9414,1.2166,-1.1023,0.665,0.98708,-1.806,0.30094,-2.2519,-1.8852,0.47875,1.7873,1.8055,0.7376,-0.89386,0.35951,2.1696,2.2846,-2.6554,1.2498,1.1244,0.24941,-1.9605,1.5516,-2.3921,-1.7327,1.2597,-1.0186,-1
23,-8.6299,-5.7274,-1.5471,6.2604,0.58711,-4.7804,-0.44793,2.0402,-2.7351,-0.37435,-0.26915,0.41792,-4.4784,2.7674,0.87691,-1.7003,-3.4431,-3.3727,2.038,1.3969,-0.53653,1.9431,-0.61039,4.3046,-0.97964,-1.1426,-1.0182,-0.84138,-1.0237,-0.60444,0.19794,4.3896,-0.76739,1.3438,-3.8714,-1.6643,5.0474,-1.58,0.24576,-1.3936,1.1676,-2.3048,-1.2087,-1.1399,-0.073881,0.51247,0.77243,-2.6699,0.74946,2.2315,-0.087055,1.1725,0.29871,-1.389,-1.8696,-0.24651,-1.4584,-0.80214,0.39371,1.2678,1.5991,-5.5048,-1.6007,1.3069,0.71949,-1.0065,-6.0621,0.15306,0.098734,-2.1828,-0.28307,-1.6166,-0.24099,-2.189,1.2909,0.3723,-1.34,-1.3085,2.9541,1.0343,0.41267,0.20289,1.7245,1.1596,-0.69163,-3.6178,-0.66151,-1.5076,1.2837,2.6583,-2.1616,-0.0060868,-0.013122,-0.674,-2.0261,-0.87197,2.082,0.26834,0.4036,-0.17484,-0.5646,-0.13135,0.64644,-1
24,-0.95334,-6.6167,2.2008,-1.8371,-3.2887,-1.4606,-3.4888,0.68957,-0.78893,-0.49947,-1.2116,3.0788,1.225,1.3232,2.5728,1.5566,0.43789,-0.6863,-2.4295,4.547,-0.206,-1.1858,-2.9104,-3.1406,0.91196,1.0818,3.6924,0.61124,-1.1647,-0.25022,-1.2144,2.0399,-0.69839,-0.40298,0.57006,-0.67934,1.2173,-2.0493,-0.93645,0.63254,-1.0188,-2.3909,0.99534,-1.8756,-2.0852,2.4058,-3.1591,0.0044394,0.24888,2.1953,-0.94517,-1.9452,0.93526,-0.73441,0.85999,0.88808,1.3161,3.3732,-1.8035,0.10588,-0.58377,-0.13673,-0.1654,-0.11419,1.8793,2.3095,-0.87757,0.64915,-2.1652,0.41926,0.81984,-0.67788,-0.4876,0.20901,0.12499,-0.71279,-2.3787,0.98665,1.6606,-0.50777,2.1235,-2.1289,0.28723,1.6735,-1.7365,-0.2167,2.0312,-0.86678,-2.4366,1.3751,3.0243,0.59278,-2.5026,-1.3972,-0.95764,2.8265,-1.1883,-1.0477,1.1554,-3.2069,2.7358,1.1039,-0.45944,-1
25,-9.667,8.2859,-0.11214,-0.74946,4.6385,0.56178,-2.9001,4.6358,-2.8306,-8.4866,-5.4744,0.62486,2.7247,-3.7562,-1.4572,-1.0065,-3.7892,0.61203,3.2205,-1.4844,-0.056389,-5.9747,1.6054,-6.6631,2.927,0.20705,5.814,-1.9258,-1.5101,1.3769,-1.7811,0.53005,-3.1361,-2.0042,1.2952,-1.0708,3.4049,1.7632,4.4058,0.85204,-0.86424,-2.1177,-1.3954,1.6411,2.4235,0.65942,-0.38118,-1.3504,0.046538,-1.1188,-3.4284,1.7739,1.024,1.5261,0.31552,0.79605,0.29843,-0.21712,0.56367,-3.1361,1.0402,1.7358,-1.9785,-0.54414,0.10336,0.70079,-1.5072,-1.5231,1.4035,1.3577,-1.387,0.030666,-1.9767,-0.99389,-1.9793,-0.65102,1.2849,-1.1374,0.40813,2.4866,-0.18545,-0.71624,0.89485,-2.568,-0.64963,0.41492,0.44972,-0.76291,0.35426,1.0287,-1.2696,-0.1325,-0.62236,-1.8509,1.453,-0.34648,0.95447,0.070841,1.5354,-0.10749,-0.59685,-0.46429,0.96873,-1
26,-8.1504,-3.1615,-0.94751,1.2902,-6.0207,-0.76694,5.8787,5.0353,-1.9277,-0.23199,-3.1931,1.8836,4.2558,-7.5936,-0.75269,-0.1603,0.88536,-1.4692,-1.8055,-1.304,-1.3303,4.0178,-1.3576,0.63531,3.8318,-0.30101,-0.66624,1.4713,1.0016,-0.26638,2.2252,-1.0678,5.5989,-0.63883,-1.3824,1.3006,-0.073371,-4.209,0.46147,2.1757,-3.209,-1.9114,1.3079,-0.19347,-1.4045,0.80122,0.32223,4.2022,0.88455,0.23876,-0.25201,-0.41082,-1.2011,2.9362,1.7801,2.4506,-1.5811,-2.3114,1.1177,-0.18934,3.0681,-1.3471,-1.9587,1.083,-0.66974,-2.3282,-0.076973,1.4397,-0.27179,0.96257,2.0702,0.12284,-0.095491,0.99117,2.8424,-3.4492,3.1975,-0.9621,1.4858,1.0862,2.0199,0.22824,0.98848,-0.70268,-1.1921,0.20698,0.79517,-0.017893,-1.9409,-0.27695,-0.30551,-2.7955,0.11712,0.29858,0.80466,-1.854,-0.65486,0.32534,-0.048657,0.68022,0.41022,3.0841,0.36049,-1
27,-1.2646,1.7846,-0.81311,0.30076,3.627,0.43238,-5.9196,-5.7365,0.67187,-4.3584,2.4659,2.7425,1.872,1.6825,-3.6483,-3.5682,-0.7321,-2.8761,-3.3729,0.8173,-4.7158,-2.8314,-2.7713,-3.3309,-2.2073,-0.1989,1.2011,2.9239,0.7127,-0.2261,-0.2602,-5.161,-0.092131,0.86542,-4.5999,1.5228,0.56756,-0.80176,-0.57988,-0.95663,-0.77747,-0.88038,2.8441,-0.15997,1.952,3.1933,1.7398,-0.036899,5.0711,0.85204,1.8889,-0.36961,-0.98515,1.5744,1.5913,0.96301,-1.0979,2.3297,-2.8884,0.45326,-1.7942,-0.54033,-0.65564,2.5782,-1.6215,-0.057541,-1.8187,0.80286,-0.42296,0.39488,-0.2038,1.8571,0.11098,-1.7772,0.17926,0.9931,1.4956,1.4785,-0.92108,-0.32047,-1.0822,1.1936,0.57699,0.20132,-0.23152,-1.459,-0.74566,2.8156,-2.4584,-1.4513,-0.41355,0.58053,-1.2233,1.1302,-0.030805,-1.2552,-0.18948,1.1649,-0.76734,0.85639,0.29874,-1.2986,-0.17248,-1
28,-17.401,-3.0834,-3.6238,-3.3005,0.77152,-4.2595,-0.12245,-0.084671,2.4137,-1.4496,0.11845,-0.85717,1.6029,0.2275,0.69541,1.1583,-1.8035,-0.001513,-1.1068,-0.71578,-2.7166,-1.6933,-0.77243,0.65908,-1.2285,-1.9222,0.30287,1.9609,-1.0139,-2.2449,2.5087,3.6108,-1.5522,1.6871,1.3825,0.80277,-1.5063,1.176,-2.3217,2.8985,3.3377,0.68327,-2.2433,-1.4357,0.97349,-0.34958,3.051,-1.9305,-2.0235,-0.060045,-2.2768,2.5989,-3.5797,0.18377,-0.24815,4.2954,0.064092,-5.4194,-4.5946,-2.2191,-2.6949,-0.094069,0.55735,-2.082,-0.68401,-0.44194,0.06676,1.8766,-1.2793,1.2167,1.0994,0.12011,-1.3975,-1.6751,0.21741,-1.0343,-1.3717,-0.84383,-0.080099,0.17346,-0.91423,-1.5589,0.19024,0.54756,-0.84306,1.5833,2.916,-0.62357,-0.71548,0.95278,4.0828,1.0121,2.5106,0.045114,-0.45274,0.34822,-0.96983,2.9617,-2.7214,-0.10631,-0.53907,-0.78951,0.28754,-1
29,5.6407,-6.4165,1.4903,4.8123,-1.2328,4.9418,-0.97429,-1.5828,3.9039,2.6949,0.13239,-0.39883,-3.3407,2.5725,0.29308,1.6079,-0.27622,-0.4251,3.7305,1.6868,-2.7199,-1.7657,4.2685,-1.3601,-0.37647,1.5181,1.2886,1.561,-0.63944,-1.3071,-0.55729,1.3416,0.91287,0.83562,4.7695,-0.21145,0.20096,1.5587,0.14731,0.77843,-0.5289,-2.6225,2.5457,4.7731,-0.11672,0.022813,3.2377,2.7435,-3.7332,-0.65519,2.2683,-1.1893,2.464,0.92273,1.9201,3.11,0.082299,-1.8061,2.0573,0.6996,2.4506,-1.7068,3.4371,0.60988,-2.4389,-0.17211,-3.8041,1.0281,-1.3388,-1.4239,0.88104,-1.0537,2.3768,-2.9261,-0.93606,-1.5143,-0.47529,-0.31175,-2.908,-0.36147,1.0689,0.79883,-0.95533,-2.5932,-0.86011,0.47701,-0.61686,1.6483,-0.73164,0.72102,0.70081,0.54348,-0.79053,1.7719,0.2609,1.2603,0.094987,-0.64192,-2.6787,-0.2805,-0.56615,-0.6298,-0.61187,-1
3,-14.016,-4.2983,-1.1004,-0.83684,-0.5191,-0.14069,-0.62,0.90252,-2.6656,-0.23286,1.9614,-0.62272,-0.28513,-2.0869,-2.2044,0.084286,-0.94203,-1.327,0.94676,-1.8985,-0.67092,-0.29391,1.0822,1.1865,1.6575,0.083325,-3.9079,0.11716,1.7844,2.2253,1.6038,2.0931,3.5795,-0.50532,-0.56195,-0.74796,-0.72423,1.0109,1.9423,-0.41049,0.29804,-1.9015,0.27356,-1.8454,0.51926,-2.8707,-0.69694,2.0084,-0.73242,-0.59915,-1.74,0.02635,0.35,4.2828,0.1934,-1.9895,3.3669,-0.87964,-0.71567,0.79671,-2.8197,2.7656,3.1125,1.5393,0.017645,-2.2663,-2.6169,0.1165,-1.4251,-0.88973,-0.76999,-1.8546,-2.0156,1.4364,-1.0161,2.2791,-2.7214,-0.60536,-0.19969,2.4052,0.57999,1.2705,1.1166,1.0593,-3.7065,-3.1936,-1.359,1.7109,2.5749,-0.90451,0.55499,-0.22711,-0.3241,0.61036,1.9239,0.82791,-0.60216,-1.142,-0.0045616,-0.45689,1.0668,-0.86315,-0.63528,-1
30,-7.169,-1.4724,1.7553,4.4879,-2.8862,1.4933,-2.9818,0.46698,1.7552,3.4945,1.7306,1.416,-1.0745,-1.5485,0.6272,0.20814,0.25568,-0.80034,1.6594,-0.58465,-2.6018,-0.69588,-1.7342,-0.77858,-0.57713,2.6421,1.233,0.37949,3.9793,-1.7207,0.96435,0.43422,0.94025,-1.8223,-0.5518,0.32738,-0.37288,1.2327,0.14192,1.504,-0.36554,1.9077,-0.52717,0.95162,0.82483,-1.8384,0.78707,0.73329,0.092367,2.3579,-1.344,2.4514,-0.36718,1.8876,2.6347,0.4099,0.30751,1.246,-1.9833,1.1643,-2.8357,0.44444,-1.8876,-0.0067083,1.5442,0.53163,1.5867,-0.36264,0.035467,-0.78334,-1.2387,-0.36191,-0.38086,1.553,0.97593,0.016574,1.2871,0.076835,-4.0279,1.5294,1.6532,-3.5064,1.4065,-0.48866,-0.028763,0.32111,0.98313,2.569,-0.41412,3.1656,-0.8079,-0.35084,-3.5409,1.8106,-3.4064,-2.4078,2.1569,1.2155,0.35968,-3.1807,-1.1972,1.4518,-0.1939,-1
31,-11.339,-4.3965,-3.7382,1.2676,2.2025,-3.8694,-3.195,1.9441,-0.71634,0.93964,3.6049,-1.4403,-3.5501,0.6292,1.5506,-1.6137,-1.4089,-1.0268,-0.32826,-0.6321,0.28483,0.66259,0.4922,-0.63259,-3.4251,-3.2818,-1.6311,2.1856,3.8301,-0.41465,-2.838,-4.9959,-3.5323,4.2121,-3.1295,0.052673,-0.037604,1.9373,1.4123,1.4434,0.16102,0.29519,3.2276,0.07175,1.2597,-0.37245,-1.446,2.7948,-2.4902,-1.1262,1.0252,-0.34742,1.723,2.0572,-0.40321,-0.83833,3.2996,-3.5083,0.28948,0.93498,-2.0785,0.064832,-2.3753,-1.2295,-1.3358,2.2612,-0.45749,-1.2537,-1.4466,-2.1378,-1.33,-0.89733,-1.0414,1.2635,0.62329,-2.4633,-1.0261,0.29404,-0.054855,-2.5732,1.3613,0.31765,3.3005,-0.78544,1.4745,2.0079,0.41974,-1.4995,-0.75098,-0.059553,-0.76693,-0.97207,2.184,-1.6964,2.9416,1.2399,-0.29067,1.3546,1.752,-1.9507,1.8122,1.9717,-1.3208,-1
32,8.0077,-0.98041,1.7114,-5.3764,1.9185,-0.64299,-0.84576,-0.95796,0.4925,0.33591,1.8109,1.0567,-1.4699,-1.2355,-0.92569,1.8811,-1.6946,-2.5968,-1.412,-0.24479,-0.81388,-0.90895,4.7114,0.94469,3.0578,1.0782,-2.4908,1.3474,0.39495,-3.694,1.7777,-0.34376,-4.6524,0.27682,0.31913,-0.59685,-0.10482,0.14171,0.9203,-2.2307,-0.52415,-2.4711,0.067138,1.1355,0.59095,1.4548,-0.27045,3.3239,2.7758,-0.21616,-1.5467,0.2432,0.61034,-1.1088,-1.1719,-0.73759,-0.090888,0.48738,1.2273,0.19775,-1.8927,-0.73642,-1.6966,2.1157,-0.95795,-2.3277,-0.25553,1.0023,-0.95269,0.65731,0.16698,0.53996,0.41482,-0.71511,0.92195,-0.42818,0.40938,0.65699,-1.1999,-0.63669,-1.7403,-2.6199,-0.97853,-0.93494,-1.0396,-1.9135,1.4183,-0.16887,1.7781,-0.39468,1.5928,2.1124,-0.63835,-1.374,-1.4309,-1.8856,-0.59543,0.93188,-0.54856,1.5339,-0.98461,1.3812,-2.4852,-1
33,-4.423,0.4759,-6.297,1.9698,2.3298,-2.3024,-0.91099,-1.3644,-1.6844,-1.2973,-5.1114,0.76595,2.9359,2.3765,-1.1093,1.2758,-1.2622,-0.51007,0.70042,2.4314,0.16603,-1.2597,4.2199,-1.5044,-0.92724,-1.8641,1.2071,2.8442,-1.5892,0.54018,-4.6417,0.14301,-1.4808,-0.57113,-1.2655,0.93505,2.0557,-1.8445,-2.7495,2.7039,-2.4888,3.8465,0.85298,2.3111,-0.37854,-2.4875,2.9129,0.29614,-2.9108,-0.26753,2.0422,0.43458,-2.8493,-2.5217,1.1402,-0.67749,-1.8311,-1.6542,2.348,4.1874,-0.74194,1.3554,0.66259,0.56972,2.3023,-2.1259,1.8946,1.6102,-4.9955,4.1314,0.039845,-0.44959,-0.34235,0.55799,0.65697,1.2543,1.4425,-1.6301,2.0643,-0.17003,1.0965,2.0054,0.49483,1.2881,1.9648,-0.17536,0.29257,0.61483,2.092,-0.7271,0.37636,1.5703,-0.85861,-0.87712,0.39486,-1.4339,1.2088,-1.162,1.3868,-2.4379,-1.1426,1.1537,-0.050414,-1
34,-1.6417,1.4739,-2.5722,2.7297,0.68788,-2.51,1.7202,2.884,-0.10213,-0.05132,1.6629,0.33867,2.7717,-1.1867,-0.97346,0.61407,0.32796,1.3763,0.7499,-0.030974,0.34772,2.1117,1.3618,0.70151,1.786,-1.7031,-0.34016,-1.0346,-0.42436,0.55888,1.2468,0.052537,0.84116,-0.15642,-1.5634,0.79718,1.4732,-2.0613,-1.9227,-3.5918,-0.72044,0.76875,-0.55004,-1.9983,0.23036,-1.115,1.9235,-2.7975,-0.3456,1.319,0.56771,-0.93265,2.1554,-2.1469,0.79068,-1.8609,1.451,-1.6807,-1.4744,0.48673,-0.083322,0.75686,-0.99328,1.3594,2.0968,0.98895,1.0295,0.26285,-1.203,-0.14517,3.2611,0.062298,1.8322,-2.5026,-4.9696,-0.071943,-0.10061,-1.0199,-0.58026,-1.9911,-3.4056,-1.5394,2.0905,-2.2595,-0.59262,-0.0014157,0.9928,2.1759,0.57736,1.034,0.79065,-0.36729,-1.3732,2.9745,4.72,-1.8462,1.014,0.40117,-0.13067,1.6906,3.0583,-0.84641,-1.8287,-1
35,-4.1689,-2.7002,-9.8645,0.23648,1.3285,5.7026,0.44728,-1.8328,-1.1247,-1.424,-1.979,4.2688,0.0012566,-0.51402,0.60407,2.3362,-3.2114,-3.7928,0.92399,-4.0915,3.4159,2.2429,3.0789,0.047197,0.090165,1.0546,1.1361,3.3362,1.3251,-2.2649,-1.426,0.35822,0.32014,-1.1632,-0.20513,2.8829,-0.35592,0.75434,-3.3146,-1.7641,-1.3095,2.4847,2.3897,0.96932,2.2071,0.071709,-2.351,-0.82702,1.8029,0.56143,-2.9413,0.046328,-0.47426,-0.38938,-0.56255,-3.2576,0.066312,0.30762,-1.6782,-1.2311,-2.1012,-3.8359,3.5588,0.47916,0.031014,-2.1102,-0.0017252,-0.71332,-0.299,-1.9392,-0.57424,3.2653,0.26386,-0.022427,0.3884,0.53539,-1.3718,-3.7261,-1.2867,-1.0917,2.5216,-3.5825,-1.443,0.34108,-0.56432,0.22044,-1.0249,-1.0183,-2.0657,-1.3211,-0.87026,-1.0131,2.0282,-0.47222,0.91207,0.78482,1.2771,-1.8924,-0.65409,-0.7353,-2.4016,-0.092533,1.0571,-1
36,-15.578,3.705,1.4105,-0.16472,-2.4419,3.7996,0.70207,-5.571,3.8089,1.4037,-1.7487,-0.30458,-1.0229,1.4209,2.1014,-1.7784,2.9504,-2.5065,1.2101,-2.7281,2.5842,2.8583,-4.2946,0.29109,7.0665,4.1348,-1.8501,4.0583,-1.7984,6.3299,-3.5967,2.7371,-3.2647,-0.40963,0.060159,-0.74463,0.84918,-1.8969,-1.3386,-2.3192,1.044,0.48508,3.2871,-0.4716,2.011,-2.0861,3.169,-2.057,0.33872,-5.8333,-2.2792,3.2414,3.0918,-1.5232,0.98792,1.0484,-0.11062,-0.9639,0.020324,1.6862,0.59286,-0.17591,-1.1401,0.36914,-1.0577,0.70657,1.4761,0.99544,-1.0571,-0.151,-1.5664,-1.2884,-0.75702,0.2683,-1.4812,0.5244,0.15735,1.8375,-0.54596,0.45272,3.1688,0.59424,-0.07296,-0.48833,-0.38969,-0.93652,1.0717,-0.051867,-1.2678,-0.54634,-0.61556,0.096485,-0.0036856,0.70554,-0.36626,-0.0010862,-1.0984,1.6018,1.0637,1.2882,1.2324,0.13838,1.2687,-1
37,-0.72847,-4.8164,-0.71914,4.3848,0.2038,4.4908,-1.837,0.093116,3.8158,-1.6848,3.2265,-6.6027,2.5872,2.3052,-2.0533,-2.1295,-0.43801,7.3768,-1.9181,-1.3355,-0.69258,1.5873,-0.85559,-1.0447,0.18063,0.26838,-2.4585,4.7371,-2.3685,0.41729,2.6922,3.9217,1.2346,-3.0111,1.5349,-1.0227,1.0423,1.5124,2.677,0.091592,-3.1459,-0.39581,1.2189,-1.5286,2.1693,-2.2808,-2.7259,-1.967,-0.13657,-0.99668,1.2941,0.0040423,0.22739,0.026151,-0.78655,-0.18327,0.63798,2.1542,-0.92019,-1.8177,-1.4382,-1.0695,0.16745,-0.34295,3.6312,-1.6173,-0.77895,-0.95321,0.37614,1.065,-0.47479,0.38096,0.24431,-0.47492,2.4937,-3.1712,-2.6785,-0.028839,0.32681,-0.60077,-1.2481,1.4988,3.4259,0.065415,1.1938,0.42863,1.9578,0.77883,-2.2818,-3.1585,-1.3455,1.5209,-0.36531,-1.1774,0.46123,-1.0591,1.117,-2.4923,-0.66054,0.10973,-0.58806,1.468,-1.2609,-1
38,5.1781,0.6646,-7.7756,-0.25498,-2.9814,0.63425,0.25129,-3.2114,-2.3938,2.2179,-2.744,-2.0362,0.51213,-2.9558,1.0909,0.04551,-2.7575,-0.84529,2.6995,-1.5732,0.65897,-0.82029,-0.061567,-1.015,-0.27504,-1.0318,3.1999,-1.7209,-0.88277,-0.64745,1.24,0.84259,1.9891,-1.3417,-0.47855,-1.8218,0.92609,-0.4013,0.86565,-0.48844,2.8777,1.423,0.90159,-3.708,-0.66519,0.88983,2.1534,-0.26117,-1.8493,-1.1061,1.314,-2.1069,1.889,-0.34076,0.73128,0.89085,1.1144,-0.68954,0.93812,1.8272,-1.2799,1.9668,-0.14137,1.8593,0.87574,-0.87795,1.5787,-1.1529,2.5148,-0.67611,1.1274,-1.4869,1.9436,-1.4557,-0.23784,1.3992,-1.3278,1.6938,-2.1643,-1.5265,-1.9485,-0.24149,2.7626,2.2638,-0.15091,0.51762,0.42384,1.8194,-0.5599,0.4984,0.11124,-2.0833,-0.96193,-3.8363,-2.3171,-0.80843,0.30744,0.14557,-1.6846,-0.2328,-3.2745,1.0666,0.73014,-1
39,-10.085,-3.3315,-0.64563,-0.91515,0.55978,-2.5445,0.60139,4.856,-0.15923,3.1548,1.7224,-2.9416,0.86536,4.2837,-5.6444,3.4288,0.1922,0.71083,-0.38649,-0.95406,2.0677,-4.2661,-0.35754,2.1081,2.9332,1.5223,0.71449,-2.9194,2.5804,-0.07768,0.26576,5.7385,-2.4541,-0.79358,-1.4876,4.1115,1.6329,-2.8251,-1.5418,-1.6267,-0.25431,-3.1749,0.14145,0.47246,1.495,-2.104,0.75997,-0.46514,1.1481,-0.97831,0.21697,-7.2142,-2.9777,-0.29069,-0.77524,-0.43917,0.98156,0.66046,3.8673,0.58208,-1.6128,0.66344,-1.8761,-4.5113,-0.82845,0.93127,-0.51274,-2.3056,0.10937,0.36174,-0.90636,0.23049,-1.3726,-0.70853,1.2117,0.086091,3.1022,0.71326,-2.9165,-2.4268,0.76178,-0.44218,-0.44725,1.6947,-0.43945,0.51893,-3.0895,0.86663,-1.2273,-0.21169,1.0335,0.38273,0.054692,0.22494,0.20602,-0.49234,-1.1126,0.90468,0.54157,0.46,-1.1571,1.4168,-0.61897,-1
4,-11.114,-1.6156,2.8083,0.93454,-0.050908,2.3285,0.96174,-4.4885,0.62822,-0.86669,2.7646,-1.3037,-5.5979,-4.2728,-0.62507,-0.60835,0.5401,1.0954,1.4966,5.2845,0.18007,-1.0066,2.5955,-0.084135,-1.6097,0.02613,3.2011,-0.43274,0.11403,1.5442,0.5093,-1.3595,0.97616,-1.0966,-2.6088,-2.5086,-2.9678,1.4225,-0.87587,1.6299,-2.429,1.6407,0.71763,-1.2789,1.6337,0.05509,0.35692,-0.11544,4.5732,-0.72967,-3.2142,-0.27656,2.2782,0.27063,-2.751,5.8699,1.5771,-1.9892,1.7085,-0.35528,2.3582,0.14583,-3.0243,-1.3432,3.1576,-2.7824,0.018736,-3.4959,-3.3336,1.7862,1.7502,0.12645,-0.5384,-0.60869,-0.79333,1.0723,-0.014449,-0.41053,-0.74193,0.4485,-1.2988,0.94018,-1.727,1.6158,0.14687,-1.4106,-2.3968,-0.81038,-0.50785,-0.42622,0.12415,0.7129,0.24317,1.462,0.20379,2.5861,-0.27153,-0.6157,-0.91738,0.10813,-0.48569,1.4347,-1.9991,-1
40,-11.734,-5.4609,-1.7025,-1.0377,-3.7505,-2.915,0.20339,-2.7406,-2.0926,0.83476,0.2013,-4.6739,0.0023952,0.66387,3.3309,-3.4694,-1.9623,-0.87994,-5.4114,3.1027,-2.0607,0.80078,-3.4129,1.6403,0.26396,0.3143,4.9175,-0.94125,-1.7648,-1.5682,-1.736,-2.0194,-0.54979,0.6395,1.1253,-1.5205,1.5116,0.70111,0.056843,1.992,-3.1265,3.4444,2.6037,0.67385,0.56505,-1.5623,-1.5368,1.2264,-1.4026,-3.0414,0.85403,-0.70078,-1.1644,-0.968,-1.3739,-2.2385,4.0673,-0.58247,1.2735,0.020707,1.0946,-2.4553,1.3072,0.96896,0.23325,2.2789,0.57189,-1.3185,2.501,-2.2157,-1.5469,-0.089557,2.5483,-1.2795,0.79651,0.67439,1.8621,0.26487,1.4494,3.7721,-1.389,-1.5198,-0.86589,-0.67298,-3.1346,-0.46021,-0.96107,2.4121,0.23571,-1.2997,3.1441,-0.2632,0.17303,-0.94037,1.4085,-1.5358,-2.6406,0.28105,-0.032741,0.54479,-1.1056,-0.28718,0.65157,-1
41,8.1176,10.374,5.8706,-6.4141,-3.955,-4.1409,0.024145,5.5647,3.6368,-3.6153,-3.3445,-4.5569,-0.67952,-0.66948,1.1183,-1.6712,-1.9999,4.1353,-0.11463,4.7622,-2.085,-1.1115,3.2725,5.7613,-1.2359,-4.9026,2.1145,4.3367,2.5897,3.9126,-2.0794,1.4137,0.53603,-3.8191,-1.7207,-2.4176,-3.1914,2.0755,0.91382,-2.2025,0.26558,1.639,0.6393,0.1869,-3.3207,0.23839,2.4005,-0.41876,0.547,-0.095985,-2.1983,-3.0807,0.64826,-1.6325,0.58564,-1.4284,-2.8394,1.7885,-1.1378,-0.16759,0.2373,-2.0233,0.70021,1.7258,-0.27757,0.46522,-2.2013,0.26617,-0.78289,-2.4232,-2.6843,0.75494,-2.4687,0.73661,0.22892,-0.24153,0.99896,0.63134,-1.9583,-0.18089,1.6758,-0.049122,-0.34119,0.58543,-0.0054851,1.2949,2.5353,2.2317,-0.17108,1.0938,1.1568,-1.7161,1.396,1.257,0.42555,0.54646,0.14697,-0.2857,1.1659,0.77024,-0.22284,-0.18283,-0.40162,-1
42,-11.837,-1.2029,-3.0763,4.819,-0.75828,-3.8971,-0.30479,1.8591,1.3864,0.73104,1.1858,0.33242,0.87159,-0.85344,-0.46155,2.055,2.2333,-2.0269,5.785,-1.6108,-1.1829,-2.1153,0.020651,1.4716,0.96493,1.1733,-4.2697,-0.34153,0.28693,-0.84932,-2.383,0.25322,1.5242,0.40574,-1.1857,-0.41986,-3.9308,-1.5619,-3.4618,2.7038,-3.3704,2.8183,0.65816,-0.085828,0.18731,3.4913,-1.7816,-2.7253,-1.705,0.072078,-2.3316,-0.91548,-2.7333,-1.4203,3.3386,-0.85972,0.50284,1.829,-1.6862,-2.5233,-0.17814,-0.096691,0.46813,1.3596,0.82938,-0.22862,-1.0157,-3.5594,-0.45123,-0.89598,-1.7351,0.57814,1.0565,1.4795,-2.7055,-5.6576,1.9341,2.8877,1.2223,0.31384,-2.1816,2.4452,-1.0602,-2.3509,0.19994,-0.82122,-1.5924,0.81703,1.3333,2.378,-0.22177,0.80141,0.82075,-1.6214,-0.66175,0.1845,-0.39144,-0.1228,-0.30043,-0.2742,-0.48954,-1.9098,-0.5105,-1
43,-13.675,-0.48833,-5.4449,1.9364,-1.4451,-7.3246,0.15558,1.1616,0.89503,1.5835,-2.1078,0.38932,2.3024,-3.2994,1.8295,-1.4081,-2.0588,-2.5451,-1.8574,1.5652,-2.6868,2.0239,0.39457,2.3012,-0.4497,0.38058,-2.5312,-1.76,-1.9252,1.9501,-2.3579,-1.7454,2.2057,-3.2881,2.995,1.028,0.60328,-2.5107,3.2064,-2.5239,-0.47317,-0.72218,3.3082,0.48846,2.6225,-0.58147,-2.7596,2.6643,-1.5209,-0.47693,1.3291,0.58721,-0.35202,-3.2409,-1.409,5.6993,-2.8066,1.9098,1.2041,-3.7094,-2.9661,0.71643,0.53705,-1.031,-1.0915,3.4585,0.58181,2.2383,-2.2406,-1.2433,-0.24568,0.78369,0.57323,0.98368,-0.016789,1.9994,-2.1111,-0.24042,-3.1373,-1.4081,-2.326,0.78437,-1.5665,0.24247,-0.38947,0.12078,-0.44071,-2.2317,1.1221,2.4376,-1.6988,1.4261,-0.86964,-1.0281,0.89798,-1.4133,0.74212,-0.64541,0.30301,0.051066,-0.35352,-0.50713,-0.085291,-1
44,4.9425,-1.2153,-2.3275,1.4402,-0.9052,-5.054,-6.3674,1.3181,8.1781,-4.3149,3.9991,-0.1887,4.0365,-6.1908,-2.1903,2.6722,1.1868,2.6803,1.8535,1.1429,1.4079,4.7745,0.31625,0.57153,0.47404,-1.7612,-1.0915,-2.6891,1.6857,-3.795,-1.6256,0.40558,-0.099162,-1.2017,1.9383,1.4064,6.2012,3.1683,-4.8448,4.31,-0.34032,-0.17583,-0.4294,1.5964,-1.5795,2.1812,0.1344,-3.4194,2.557,-4.7858,1.3515,-1.3092,1.8484,1.3094,0.19505,0.4031,1.2482,0.89852,-0.32054,0.46788,-0.22512,0.22581,0.40356,0.96358,-0.26131,1.3343,1.5979,2.2621,-0.12782,-0.24355,0.72084,-1.1895,-1.2157,-0.47733,3.1676,2.6445,-0.99045,1.5342,-0.66023,1.7277,0.71647,1.5841,-0.766,-0.020183,-0.037428,-1.0355,-0.59101,-1.1547,0.52735,1.034,-0.99979,-2.1056,1.4571,0.12666,-1.0602,0.28716,-1.1235,-0.86925,-0.43224,0.24366,-0.13104,-0.56141,-1.064,-1
45,-2.9851,-2.6378,-0.12239,-1.6385,-5.0242,3.1167,-2.0128,5.0476,-3.3749,2.0363,0.34074,-1.8899,1.4274,0.2684,-0.71165,-0.92916,-4.9642,0.60177,0.82033,2.5457,-0.11282,0.30411,-0.24618,0.15308,3.3786,4.9715,-0.97263,-1.3775,2.356,-1.7542,3.3925,-2.3186,-1.0653,0.62393,-0.58136,-1.5038,1.7078,1.396,-1.2878,-0.40863,-2.0618,0.84463,-1.6817,1.0659,-1.0738,2.8892,-0.5415,0.44242,2.3783,-0.41738,0.10577,2.1681,0.34213,0.01537,-1.3172,2.3395,-0.84422,0.39159,2.6276,3.0702,-1.525,0.85051,2.628,-1.387,3.5619,0.26166,1.2609,1.4594,-1.5768,-1.9118,-1.4027,-0.19465,2.0885,-0.85043,-2.5639,-0.14638,0.95492,1.8964,2.0041,-2.6862,-0.035891,-2.1684,2.5253,0.44204,0.2723,1.2753,1.2803,0.17155,0.34005,0.89309,-2.1465,-0.062086,2.8246,0.2843,0.49559,3.5503,-0.46691,1.7124,-0.046549,1.3613,0.047503,-0.22671,2.1968,-1
46,-11.563,5.1455,1.2537,1.2751,-0.7619,2.0826,0.30518,0.36212,-0.16372,1.6784,0.0056422,1.3115,0.44979,1.6084,1.8752,-0.20495,-1.0974,2.3389,-0.58439,-1.0869,-3.2008,-0.88151,0.30067,1.5247,0.42596,-2.5115,0.45363,1.9223,-0.048347,-4.5366,-2.7942,-3.2777,4.102,-0.01397,-1.641,0.42815,0.16323,1.8633,-3.8229,-0.16649,0.8224,-2.582,0.086768,-0.54446,2.9046,-1.7187,-3.3119,-1.1308,0.95205,1.164,-1.0178,0.99565,1.6709,-0.1789,-1.4764,-0.58857,3.5635,0.69597,2.2904,0.27097,3.9461,1.1788,-2.0186,-2.2709,-2.7242,1.1766,0.52326,-0.041664,-0.12796,-0.81443,0.9592,-0.65395,-1.9402,0.012065,-2.1749,-1.1361,-3.8688,-0.20272,0.95517,-1.3827,0.9479,0.066024,-3.1753,0.29625,3.3932,-0.35711,2.0484,2.1332,1.1211,1.246,-1.3997,1.2259,-0.69551,1.4279,-2.2222,-1.8325,-0.81372,0.6532,1.1855,1.2188,-1.8352,1.3423,1.2168,-1
47,-6.9593,-0.9252,0.39985,-3.8017,3.3947,-1.8382,0.36968,0.24776,-1.0746,-0.45916,-0.8147,1.288,2.9337,-1.2155,1.1761,2.4465,4.5471,1.4326,0.95451,-0.61747,-1.7031,-1.6281,-2.1535,1.3938,1.3636,-0.32623,1.0487,0.2397,1.0135,0.86914,-2.5152,-2.0212,2.122,0.38735,-0.10611,-0.34197,-0.66639,-0.4528,0.3108,-2.2034,0.26883,-0.29711,-1.3545,1.5614,1.3195,-0.44964,-1.328,-1.0576,-0.71578,0.045643,0.34277,1.4904,0.033178,-0.24926,-1.0341,1.7792,0.72513,3.0009,-0.53184,0.66086,0.82613,-0.17417,1.4336,1.8007,2.0159,-3.7852,-0.26567,1.3098,-1.2128,0.48143,-2.2564,-0.34881,1.2197,1.323,-0.017192,0.88047,-0.85213,-0.16706,-2.2069,-3.0135,-1.5123,1.6868,1.7002,1.2913,0.94845,-0.61449,-0.8878,-0.25322,-2.0784,-0.095954,1.7104,0.38188,2.3774,-1.8233,-1.1453,1.5873,-0.32163,-0.1437,-0.55011,1.3271,0.66352,1.4629,0.47015,-1
48,-9.4078,-2.1355,1.6187,-1.5834,2.8457,0.83221,2.5078,-0.21719,0.8648,-2.7099,0.34069,-0.52865,4.3838,0.97596,0.35357,-0.17498,-0.51099,-2.2861,-1.0173,-0.041642,-0.08224,1.3821,2.3261,-1.5671,-0.42319,3.7296,0.29819,0.2413,-1.1874,-2.1174,-1.919,0.47908,0.72835,1.5875,0.72155,0.32417,-2.596,0.24831,-1.603,-1.3488,1.308,0.29739,-2.3224,-1.7615,-3.6212,-0.7585,2.8415,0.19071,-0.5329,0.28772,1.4892,-0.18613,1.8825,4.157,0.12232,-0.28009,-1.0808,1.4957,-1.5918,-0.81851,1.9631,0.04641,-4.951,0.92293,2.0345,0.73748,1.6427,-0.26914,0.1622,-2.3909,-0.92256,-1.7346,0.32345,0.12826,0.69691,1.2393,-2.4385,0.88197,0.77949,-1.1223,2.6755,0.040411,-0.79514,1.9014,1.0158,1.859,-2.154,2.6761,0.72236,2.1063,0.17073,0.20858,-0.92805,-1.1723,5.2374,-0.25637,1.6283,-0.44239,-0.96279,0.54255,-3.198,-0.85284,-0.078317,-1
49,-14.416,-3.8831,-1.0688,1.3624,-2.6711,0.71049,-0.96814,-1.857,0.317,0.27354,-2.7468,3.1358,2.4666,4.1199,0.15301,0.68219,-1.2693,0.25854,-2.309,1.1761,-1.7156,-2.6533,-2.6961,1.0711,2.7009,-1.6313,-0.11928,-0.45448,1.2779,-0.12667,-2.5528,-0.94942,1.5208,3.5945,-2.9395,-2.8737,0.2609,-1.4566,-1.583,-0.35406,0.75855,-1.415,-2.7222,-3.8668,-2.7861,0.19316,-1.2701,1.5252,-4.1611,-1.5916,-2.0709,-0.36323,2.7154,-0.6593,2.0338,-1.1028,-0.52949,2.0484,1.2947,0.13495,0.14081,0.25064,2.9709,-0.18197,-0.57636,-0.07411,0.86862,-3.3998,2.27,3.7571,2.4049,0.78855,-2.0562,-0.27239,2.3081,2.668,0.27371,-2.0109,-2.3316,-0.25171,-1.053,0.074042,1.3966,-4.1905,1.8879,-2.1211,0.61774,-1.9425,-1.1862,0.77341,-0.022478,-1.5189,0.82965,1.8382,0.46148,2.4593,0.47311,-0.44568,-1.9113,-0.079774,-1.2107,-0.35069,-0.79213,-1
5,-18.43,0.66353,-1.38,1.1887,2.2426,0.9875,1.466,5.3573,-2.8562,-0.91297,-0.84623,0.90429,-3.9596,4.7638,4.9419,-2.5821,0.19075,0.60627,3.1989,-2.6999,-0.88455,-0.11635,-1.7914,-3.0409,-0.38481,-1.2733,-2.327,-0.57558,-3.1597,0.060651,6.7727,-0.30123,1.4268,1.8323,-0.12765,-3.3843,-1.499,2.558,-0.79297,-0.60412,-2.0333,1.1321,4.2907,3.757,-2.7279,1.3081,0.014039,-3.4794,2.1969,-1.5476,3.5359,-2.7706,-0.086306,-1.6425,3.5118,0.054294,2.4072,0.51123,-0.52182,-2.0666,2.0617,1.1639,-1.5449,1.9666,-0.46358,1.0488,0.91892,0.74603,0.34828,1.9381,-0.14521,-1.4518,-0.79937,1.1571,0.92299,2.8727,2.0297,-1.3762,-2.1637,-2.0894,0.26867,-1.7257,-0.88588,1.8762,-2.0905,-0.12498,0.6677,-2.5749,-0.37,0.36452,0.52141,0.9715,1.6472,0.93789,0.070712,-0.3096,2.0618,-0.8173,0.79175,-0.24495,-0.2883,-0.15482,0.11269,-1
50,14.675,-0.13147,2.3946,1.1215,-0.52907,4.4109,-5.1508,3.1316,-0.58833,-2.0162,-4.2474,1.6031,-2.3387,-0.13435,-0.34302,2.5255,1.7215,-3.3436,-2.2169,-2.0293,0.62823,-0.39072,-5.484,1.0546,-0.55084,-3.2365,-0.25267,2.8568,0.3455,-1.9477,-0.11217,-1.5533,2.1738,-0.22212,-0.7006,2.0432,-1.534,0.21229,2.3069,1.8083,4.4404,0.4715,-2.49,4.9179,3.7466,-2.3658,2.6125,-2.1816,-0.6706,-1.122,-3.0424,-2.2778,-1.5037,-2.198,-1.8007,-0.11947,-0.80529,0.35898,-0.44363,0.61513,0.65379,-1.4696,-0.99263,-0.3306,2.2415,1.9346,-0.82783,0.33083,0.53904,0.26575,3.8073,-0.15465,4.1522,-0.2008,0.39249,-0.29665,-0.32448,1.8596,-0.76886,0.9436,-1.0224,1.0985,-0.38298,0.32879,-2.0098,0.27906,0.36422,-0.2897,-0.54116,0.1728,-1.4183,-0.56353,0.66312,0.48731,2.2056,2.3652,-0.24009,-0.57195,2.2092,0.73471,-1.685,1.5311,0.13649,-1
51,21.513,-0.93284,-2.2772,-2.5286,0.77068,-0.36729,0.61042,-3.6689,-4.6732,1.7901,0.5247,-0.89441,2.8847,0.7364,2.7297,2.171,0.45074,-4.8372,-1.7144,-1.3243,-2.791,2.2869,-0.3287,-3.4013,-1.2793,-2.8581,-1.4786,1.0126,-0.022376,4.2029,-2.2945,4.6654,0.86513,0.3651,-3.3567,2.0307,-0.88066,2.9146,0.60237,0.36384,0.031771,-0.52277,-3.242,0.72817,0.65947,1.0431,-2.7141,1.7876,2.3251,-2.9032,2.0523,-0.65166,1.051,-3.1079,3.564,-1.2994,1.5621,-0.46131,2.4356,-0.83157,1.1984,2.0793,-0.57265,-0.35009,-0.029787,-1.7248,1.298,-0.80988,-2.8247,-1.2499,-0.96503,0.0087532,-2.3841,-1.3358,0.98309,-2.1403,-1.0562,0.89577,-0.79323,2.5229,-2.2836,-1.9738,1.9181,1.2223,-1.5571,2.1165,1.0962,0.094178,1.9049,0.9116,-0.8727,0.52768,-0.56437,2.0935,-1.1188,1.0592,-1.4976,-0.81496,-0.31816,0.96033,-1.4632,-1.341,0.86855,-1
52,14.358,-4.1224,-11.221,-1.3785,-2.9415,1.6593,-1.2678,2.8598,-0.38226,-2.2096,0.37353,2.7272,-3.104,0.75943,-1.441,-0.83567,2.7815,-1.8822,-2.7904,3.5498,-1.4062,0.30524,-0.21554,2.0671,-1.3696,0.79823,-3.1376,3.22,-0.14942,0.55269,-1.015,-0.02957,1.4725,-4.3935,2.7562,0.40894,-0.10974,0.36244,-0.74457,-2.776,0.49738,-0.48912,0.11925,-0.46698,-2.2868,1.168,1.6401,-0.42808,-0.78764,0.9004,1.1446,1.4213,-1.5437,-0.10553,0.35477,2.8132,3.5841,-2.0576,-1.5192,2.0976,1.5321,1.6063,-3.7851,-2.5458,-1.3001,1.2359,0.10291,-1.752,1.1323,0.20033,-0.52471,1.5501,0.51305,0.39806,0.33084,1.5835,1.7767,-0.98868,2.4661,0.96511,-0.57605,-0.68206,3.6739,-2.0619,0.20248,-0.94309,-2.0832,-0.84441,0.2747,-0.78816,1.1894,1.9837,0.72619,1.3868,-0.90629,0.90013,0.85989,-2.0425,1.8091,-0.41312,-1.9463,-1.2011,-0.15406,-1
53,-7.3281,0.63549,0.23502,-4.9287,5.0447,7.4893,-4.5308,1.1014,2.1764,3.4066,2.2222,-0.15403,4.9685,1.9945,1.1989,-2.9736,2.9595,-1.4095,-4.6942,0.38679,-0.86095,-6.1479,3.8408,0.74676,2.8411,-1.6176,-3.4332,-1.9127,3.2706,3.0485,0.3339,-4.0081,2.5255,-0.62858,1.8045,0.49087,-1.4408,-0.47217,-1.4074,1.0702,-1.5943,-1.3047,-0.28113,0.62213,-1.2658,-0.97128,1.2171,-3.5127,-1.1963,2.3377,1.0191,0.52221,1.5266,-2.8763,-0.13327,-0.28965,-0.048351,-2.7737,2.3649,-0.40061,-2.677,-2.3735,-0.12904,0.083365,3.7942,-0.24964,-0.35073,-0.57479,0.54452,-1.2777,-1.3122,-2.9044,0.087876,0.2623,1.4125,1.5522,-0.16535,0.088655,1.7307,3.3685,-1.1836,-0.69051,-2.0556,-0.81972,-1.4499,2.0411,-0.32021,-1.3696,-0.9994,-0.069,-2.1412,-1.5422,-0.67311,-0.52854,-1.2847,-0.43496,1.1986,1.8444,-0.39507,-0.072212,0.17504,0.029544,-0.45782,-1
54,24.509,-1.5553,-5.3812,2.1339,-4.4701,1.9877,-0.099757,4.1357,-1.4832,-0.82979,5.1212,-0.64148,1.5441,0.26762,-0.42262,-2.8249,0.69108,3.9925,-1.5768,-1.0722,-3.9373,1.1035,-2.3704,-1.1174,-1.3933,0.76767,-0.66362,0.11464,-0.8779,-0.55869,-1.586,-2.5387,1.4635,-3.3822,-1.461,-1.495,2.0074,-0.29811,0.78387,-2.1229,0.90139,-2.544,-0.76372,0.29661,-0.41405,-0.66443,2.1119,-0.21179,-0.66493,-1.372,-1.2165,-1.7349,-0.54668,-1.8999,-0.71267,0.47715,1.5826,-1.4632,-1.4309,0.94681,-1.266,3.1242,0.43838,-0.73035,-1.5179,-2.6298,-0.30874,0.41415,0.51734,-1.1776,-0.89376,2.8538,-0.21806,0.13996,-1.0036,0.030293,1.3558,-2.041,-0.84487,1.1557,1.4576,-0.64271,-1.5936,0.088978,2.3323,0.21898,0.17228,-0.91111,1.4613,-0.038077,0.66679,-0.72494,0.082966,-1.8421,-0.79234,0.64435,1.9141,1.851,-0.71712,1.3422,0.42451,-0.49408,1.9246,-1
55,-9.8502,-4.0296,-6.6668,3.6042,-6.1763,-4.1224,-6.0615,2.3608,-0.68369,6.9248,-9.2916,6.8672,-0.67474,-0.94603,-4.7678,-5.2931,8.7974,5.0345,-4.4013,-4.6902,-0.41203,3.4079,5.7895,-4.8522,-3.7394,1.4969,2.5684,0.26592,1.1545,2.2347,2.2601,0.51771,-4.2076,1.2231,-0.4646,0.60479,-1.4884,2.3606,-0.31226,-0.22497,1.116,0.18658,-2.6477,-1.9264,-1.0092,-0.15373,-0.89936,0.4534,0.69712,-0.33702,-1.4444,-1.13,-0.16995,-2.0779,-1.6018,0.54548,1.6452,0.29432,0.3799,-0.20956,0.96331,-0.40153,0.85163,1.8366,0.14886,-0.42741,-1.524,1.5521,0.4117,-0.27202,-0.71951,-2.03,0.36125,0.39446,0.2574,-0.51123,-0.28398,0.76575,0.058362,-0.28589,0.09991,0.47461,-0.90904,-0.63209,0.045963,-0.50843,-1.2163,0.95903,-0.058994,0.29578,0.084865,0.48865,0.61038,-0.07447,-0.056474,-0.37944,-0.12421,0.43651,-0.039955,0.86844,-0.033252,-0.19317,0.22189,-1
56,26.486,-4.9937,-1.7813,-8.9836,-0.66406,2.2503,-4.0509,-1.8403,-0.87012,0.2824,-1.9992,-0.86241,0.59965,0.30342,-2.4795,-0.51687,0.85786,2.9998,1.9208,4.084,1.7644,0.35521,-0.18593,-0.59803,2.2031,-0.66921,-4.3681,-1.3504,-0.24156,2.2832,4.3942,0.17731,0.034224,2.131,-2.8348,2.9036,-1.2422,-1.8945,2.3875,1.4791,-0.41501,-1.2793,0.32487,0.76674,-1.2059,1.103,-0.71642,-1.6688,-2.8141,-1.0379,1.0873,3.3184,-1.6887,-0.024615,-0.17871,0.9557,1.0841,2.0118,0.67297,-1.3461,0.72059,-3.1574,-2.7819,1.2161,-1.3901,1.7971,1.2671,-1.1836,-0.76637,0.61405,-0.37789,0.0814,-0.17897,-0.97083,-2.3495,-0.8357,-0.932,-1.097,-0.3186,-0.87424,2.6219,0.20571,-1.1216,-0.24272,0.55211,-2.3847,1.2426,1.6153,0.67348,-0.17456,0.8834,0.065947,0.51842,-1.3348,-0.5609,-0.46705,-2.8198,0.23044,-0.70321,-2.3917,-2.239,-1.0668,0.43856,-1
57,-6.046,-4.5683,1.0095,1.5766,-2.5416,-1.1572,-4.6086,1.6104,3.2837,-3.2391,-0.69641,-0.18661,-1.4262,-1.4817,-1.518,-1.3788,2.4648,1.4015,-0.22749,0.86252,3.1168,-3.3029,0.87838,-0.26175,-0.63029,0.37591,-1.5718,2.2514,-2.688,3.7125,-0.61426,0.06542,2.1859,1.2656,0.62416,-0.53314,0.30205,0.023153,1.6842,0.1695,-0.37454,0.7567,-0.76723,-1.1534,2.4172,2.0624,-2.4724,0.27431,-0.3887,2.0077,-0.33241,-0.44975,1.2347,3.9497,-1.3133,-4.6781,-1.4104,-1.2084,4.1727,0.6481,1.9641,-1.6141,0.068708,-0.65339,0.41752,0.25983,5.4693,2.4168,-0.86936,-3.286,3.3631,2.6692,0.36487,-2.2359,2.0785,-0.74088,2.6149,-0.78793,-1.1666,-1.1897,-1.7924,0.19894,0.18989,2.143,-0.82622,-0.94818,1.8643,-0.21631,0.46425,1.2323,0.83742,2.2285,0.60596,1.0924,-0.45248,0.28203,1.7645,1.691,-0.70751,-1.7032,-0.0586,-2.495,2.0735,-1
58,-2.1272,0.85315,-8.4047,-1.6393,-7.9939,1.0635,-0.2651,0.33739,-0.19445,1.1202,-1.7089,1.1472,-0.94237,1.3288,2.3909,0.15485,-1.8461,-0.50241,-2.3504,3.4994,2.1793,-0.94828,-0.36319,0.46858,-0.29346,-1.3311,-0.63968,-0.20693,1.66,3.186,0.70332,0.72402,0.32163,0.051362,1.7234,-3.609,1.9287,3.0959,-5.4941,-3.2262,-1.5591,-0.99493,-2.6917,4.1378,-0.44466,-3.3601,-0.70803,-0.67181,1.6467,1.6537,2.0507,2.014,-0.44024,4.6383,2.8722,-1.7611,-2.0303,-0.22985,-0.27693,-2.9138,0.66773,0.37844,0.45288,-3.3169,-0.48794,-2.658,-1.8752,2.0643,2.2374,1.5224,1.3455,1.4722,0.14549,0.10847,-1.0156,-0.81183,-1.4086,3.4444,-0.29147,-0.51824,-0.70454,1.1289,0.097204,-1.0683,0.16841,0.48268,-1.2509,-0.70494,-1.9298,0.60385,0.19106,1.8326,-1.2087,-2.0111,1.3789,-1.2393,-2.6604,0.56605,1.6727,0.036878,-0.71522,0.008035,-0.042274,-1
59,-5.8344,11.076,-4.0733,-3.596,-3.4836,-1.3966,0.78085,-0.3806,-0.38291,-4.1807,2.3421,1.2002,-3.7493,-0.41856,-1.294,-0.28143,-1.6347,-2.0134,-3.1226,1.5617,0.90962,2.9612,-0.43463,-0.55616,2.0547,2.2029,0.1043,-0.36458,0.63549,-1.3255,0.068616,2.486,-0.5882,0.17167,0.21846,2.5711,-4.498,1.859,1.1573,-2.0701,1.7794,-1.6306,-1.5292,0.89203,0.080988,-2.2269,-2.0574,-0.3028,-2.6282,0.92486,-1.2045,-1.241,5.7232,-0.7729,4.2242,-0.73538,0.69326,-1.0529,-2.0883,0.13678,-0.047749,-0.044786,-0.54588,0.34418,-0.95959,1.6207,0.57062,0.55017,-1.689,1.3736,-0.10181,1.2495,0.67885,-0.77266,1.4767,1.3113,3.229,0.5299,4.4577,-1.9833,-2.3799,2.1606,-2.5661,1.2433,-1.0324,0.099537,0.87264,1.357,-0.40183,-0.4233,-2.4333,-0.28196,0.41798,-3.5731,-1.8355,0.46792,1.1737,0.82654,-2.2531,-0.31809,0.32427,1.358,-2.2839,-1
6,-16.454,-3.1514,-5.143,-1.6091,0.6344,-2.1916,0.38903,2.8402,-3.3634,1.0867,6.0611,3.7228,-3.3723,1.7462,1.8639,6.498,-0.51233,2.8122,1.636,0.66907,-2.6647,-1.35,2.8193,-1.4698,-1.9255,-1.1183,2.1671,0.96771,2.1599,0.88626,2.0866,0.10474,4.0859,1.4721,-0.66109,-0.081522,-3.0476,-2.2628,1.1266,-0.42882,2.197,1.8724,0.015647,-2.509,0.65047,0.45404,0.21893,0.31705,-0.75585,-7.2328,1.7615,2.0842,2.2239,1.2522,-3.1607,-2.0681,-2.4148,2.03,0.93689,-0.076192,-2.5487,0.78096,-1.5482,-1.307,1.0031,0.87632,-2.0868,4.9193,2.2051,1.6352,-1.5677,0.4541,1.1711,-1.1632,-1.17,-1.3681,3.0812,-0.16773,1.7259,1.892,1.4408,0.61117,-1.4005,0.83033,0.58386,0.46652,0.70603,-1.6679,-0.67854,-0.78332,-0.69118,-0.21143,-1.7964,0.89635,-0.57416,0.014166,-0.90362,-1.2028,-0.27188,0.29615,-1.1338,-1.0313,0.045933,-1
60,-0.49244,-3.1409,-14.057,-9.4598,-3.0544,7.045,3.5891,-1.1492,-1.6251,-2.154,1.1389,-0.46825,-0.44888,-0.65003,1.4389,-0.76448,-0.4162,-2.7972,0.98685,-1.0925,6.1183,2.2257,-2.6671,-0.59674,0.95675,-0.77627,0.6805,2.679,1.4887,0.038815,-0.326,-0.92872,-0.61902,1.1523,0.98201,2.3845,-1.6708,1.1354,-1.2689,1.1588,-4.0378,-0.020486,-5.3316,-1.462,0.47161,4.2476,1.0117,-0.088701,-0.23692,-0.090634,0.12559,-1.7735,-0.4025,0.21645,-2.6628,3.7577,-0.94661,0.93103,1.3322,-0.54635,-0.43078,-0.8481,1.7188,0.4902,-0.54036,2.7035,-2.946,-1.0905,2.3325,-1.5044,-1.023,-1.8417,-1.1853,0.94154,0.24943,0.58337,1.1803,-0.62756,-1.7223,0.0022678,-0.70842,2.0342,0.29989,1.5657,2.2703,0.70709,1.5476,0.63926,2.2085,0.21136,1.3604,1.4428,-2.4481,1.2332,0.31976,-0.51313,2.0223,-1.0959,-0.085853,-0.032205,2.4644,0.39478,0.40154,-1
61,-6.2255,0.77047,-6.3153,-4.3218,1.9264,-3.7679,0.1899,-3.2469,-1.8977,-0.29536,-3.0229,-3.0914,1.5193,1.5931,-6.5522,3.7258,3.6757,1.7825,-0.52759,0.78746,-3.49,-1.1581,-3.0198,0.21924,-1.3862,-1.8529,-1.274,-2.1446,-1.9275,-2.6284,0.88598,1.0498,-1.9806,1.55,1.8018,-0.68623,-2.4449,0.37863,0.90976,-0.64231,-1.6333,1.4738,0.93019,1.5505,0.86201,2.1628,0.38267,-2.4964,-1.233,-0.38134,-0.37463,-1.872,2.932,2.1627,-0.24997,1.0555,-0.48834,0.77479,1.4048,-0.03946,-1.2961,-0.92957,-0.43975,0.8714,-1.8809,-2.3959,0.37036,-0.7924,0.68599,-0.56605,1.3165,4.0745,1.7435,1.4217,-1.7401,2.3024,-2.3338,-0.59869,2.3956,-0.6964,3.471,0.22501,2.0434,-1.9462,-2.7553,3.3322,0.51441,0.60383,2.1272,0.41356,-2.8258,-0.36698,-0.16466,2.6868,-1.7729,-0.81855,-0.043116,-0.22997,1.0056,0.058531,1.2221,2.1427,0.996,-1
7,-9.3754,-5.1547,1.4236,-1.0552,-1.8516,3.2027,3.6452,0.84275,6.2027,-2.4207,-3.8419,-5.6979,2.8934,4.2372,3.7902,1.043,3.2583,-1.3297,0.6826,1.9429,4.0615,-1.761,0.16376,-2.5594,-4.3528,0.051711,-1.87,2.6405,3.2934,-3.2291,5.4186,-0.96958,-2.5962,-3.3199,-2.8734,2.5386,3.4184,-1.0759,-0.52905,2.9364,0.66166,2.633,-1.6054,-3.5207,0.073802,-3.9248,-0.44802,3.0536,-1.3555,1.7833,1.3609,0.018717,1.5031,0.28184,0.1912,0.036485,0.16858,1.9666,0.38186,-1.8991,1.6676,1.9255,-0.16389,0.7824,-2.6807,0.26906,-0.64207,0.55005,-2.3516,0.73839,-2.8137,2.6431,2.6385,-0.37516,-2.4817,1.34,0.43772,-1.0001,0.14242,1.6419,-1.4548,-0.23208,-0.76748,0.25058,-1.3141,-2.0048,0.42075,-0.90563,-0.10928,1.3729,-1.3303,-1.5551,0.088079,-0.38467,-0.4725,1.2011,-0.2906,-0.35324,1.2808,1.9633,0.042902,0.28524,0.022553,-1
8,-10.395,-3.3501,6.5478,0.15717,-5.308,-0.64209,1.451,-5.278,-1.6537,-3.8599,0.079258,1.1134,0.06395,1.9099,-3.114,-0.0078816,-0.5696,-1.0692,0.30336,-4.2329,-0.86359,-2.3321,-1.1374,0.96354,1.2472,-1.3047,-1.7489,0.11999,0.069601,0.010298,0.2788,-0.46994,-0.77319,0.55182,1.4484,0.65989,2.0134,2.6463,0.8785,-1.479,1.1498,1.4455,1.8482,1.9407,-1.0802,0.1104,1.5152,2.2699,-0.39692,0.27151,0.079644,-1.8305,-1.9361,-0.84965,-3.4898,0.42162,0.25906,1.1123,-2.1507,-0.17239,3.7106,-0.65315,0.62829,-2.3731,0.35629,-0.37171,2.0316,2.1048,2.9393,2.8985,-3.4896,-1.6468,0.28145,3.9378,1.1843,-2.472,-0.7899,-0.61989,0.90102,-0.077149,-2.7379,0.2013,1.234,2.2641,-0.73385,-0.83908,0.72092,0.9747,1.542,2.8638,-2.1528,-0.52448,-1.2736,2.0434,0.68815,1.7265,-0.19051,1.4827,-1.7557,-1.2668,-0.22982,0.22122,-1.187,-1
9,8.8148,2.4508,-5.4678,-0.90547,2.3126,1.6617,4.5651,-4.6329,5.4753,-1.7037,-0.93624,-0.33186,-0.48243,-0.51052,4.1317,-2.3322,-0.46344,3.7679,3.6924,-0.060512,-1.268,-2.3538,-2.375,0.24547,-0.052702,0.53926,0.81746,0.91897,-0.23141,1.0189,3.2177,-1.7251,-1.0104,1.7621,2.199,-2.5941,-0.5047,-0.42199,-2.4136,-1.3221,2.9958,-2.3078,-2.3424,0.72629,2.3522,0.031524,-1.9654,1.2325,1.1001,2.2643,0.33031,-4.4575,2.1914,-3.2186,-0.79707,1.0246,1.3387,-1.4587,-0.18505,1.4577,-3.0972,-1.7479,0.17558,1.8103,-0.4928,-1.6504,1.4901,2.0795,-0.075343,1.3676,-0.50535,1.054,-0.31158,-0.1526,0.89696,-2.1917,2.5787,2.0469,-0.045116,1.2872,1.8346,-0.05748,1.5313,-0.2574,2.1301,-2.4948,-1.6145,-0.54855,2.55,0.94716,-1.828,-1.8412,-0.16195,-0.58321,2.8014,-1.4545,-1.7886,0.361,0.68182,-3.1879,-0.036614,-0.85618,0.12203,-1
